,date,trends_vaccine
0,2015-12-04,9.881773342755379
1,2015-12-05,7.411330007066532
2,2015-12-06,7.234869768803047
3,2015-12-07,10.587614295809331
4,2015-12-08,10.764074534072817
5,2015-12-09,11.999296201917243
6,2015-12-10,11.822835963653755
7,2015-12-11,10.587614295809331
8,2015-12-12,8.823011913174446
9,2015-12-13,8.117170960120488
10,2015-12-14,11.646375725390268
11,2015-12-15,10.940534772336308
12,2015-12-16,11.116995010599798
13,2015-12-17,9.881773342755379
14,2015-12-18,8.823011913174446
15,2015-12-19,6.881949292276067
16,2015-12-20,6.176108339222108
17,2015-12-21,9.352392627964909
18,2015-12-22,8.470091436647463
19,2015-12-23,8.117170960120488
20,2015-12-24,6.176108339222108
21,2015-12-25,5.823187862695134
22,2015-12-26,6.529028815749088
23,2015-12-27,6.352568577485599
24,2015-12-28,9.528852866228398
25,2015-12-29,9.70531310449189
26,2015-12-30,8.823011913174446
27,2015-12-31,6.352568577485599
28,2016-01-01,5.470267386168154
29,2016-01-02,5.6467276244316436
30,2016-01-03,5.9996481009586216
31,2016-01-04,9.881773342755379
32,2016-01-05,10.058233581018866
33,2016-01-06,10.234693819282356
34,2016-01-07,10.587614295809331
35,2016-01-08,10.234693819282356
36,2016-01-09,7.940710721857001
37,2016-01-10,7.940710721857001
38,2016-01-11,10.234693819282356
39,2016-01-12,10.764074534072817
40,2016-01-13,11.293455248863287
41,2016-01-14,10.411154057545843
42,2016-01-15,10.234693819282356
43,2016-01-16,7.940710721857001
44,2016-01-17,7.411330007066532
45,2016-01-18,10.764074534072817
46,2016-01-19,11.116995010599798
47,2016-01-20,11.293455248863287
48,2016-01-21,11.116995010599798
49,2016-01-22,10.058233581018866
50,2016-01-23,7.587790245330023
51,2016-01-24,6.881949292276067
52,2016-01-25,10.764074534072817
53,2016-01-26,10.411154057545843
54,2016-01-27,11.116995010599798
55,2016-01-28,10.940534772336308
56,2016-01-29,10.234693819282356
57,2016-01-30,7.940710721857001
58,2016-01-31,7.76425048359351
59,2016-02-01,10.587614295809331
60,2016-02-02,11.116995010599798
61,2016-02-03,12.352216678444217
62,2016-02-04,11.469915487126778
63,2016-02-05,10.764074534072817
64,2016-02-06,7.940710721857001
65,2016-02-07,7.411330007066532
66,2016-02-08,9.881773342755379
67,2016-02-09,10.940534772336308
68,2016-02-10,11.116995010599798
69,2016-02-11,11.822835963653755
70,2016-02-12,10.411154057545843
71,2016-02-13,7.940710721857001
72,2016-02-14,7.234869768803047
73,2016-02-15,10.764074534072817
74,2016-02-16,11.822835963653755
75,2016-02-17,13.587438346288641
76,2016-02-18,14.469739537606094
77,2016-02-19,11.999296201917243
78,2016-02-20,8.999472151437931
79,2016-02-21,9.352392627964909
80,2016-02-22,13.410978108025153
81,2016-02-23,14.293279299342599
82,2016-02-24,12.352216678444217
83,2016-02-25,13.23451786976166
84,2016-02-26,11.999296201917243
85,2016-02-27,8.470091436647463
86,2016-02-28,8.117170960120488
87,2016-02-29,11.822835963653755
88,2016-03-01,11.646375725390268
89,2016-03-02,12.175756440180734
90,2016-03-03,11.646375725390268
91,2016-03-04,10.940534772336308
92,2016-03-05,7.940710721857001
93,2016-03-06,8.117170960120488
94,2016-03-07,11.469915487126778
95,2016-03-08,12.352216678444217
96,2016-03-09,11.999296201917243
97,2016-03-10,12.175756440180734
98,2016-03-11,10.587614295809331
99,2016-03-12,7.940710721857001
100,2016-03-13,8.293631198383977
101,2016-03-14,11.646375725390268
102,2016-03-15,12.528676916707706
103,2016-03-16,12.352216678444217
104,2016-03-17,11.469915487126778
105,2016-03-18,10.764074534072817
106,2016-03-19,7.76425048359351
107,2016-03-20,7.411330007066532
108,2016-03-21,10.411154057545843
109,2016-03-22,11.469915487126778
110,2016-03-23,10.764074534072817
111,2016-03-24,10.058233581018866
112,2016-03-25,7.76425048359351
113,2016-03-26,7.411330007066532
114,2016-03-27,7.76425048359351
115,2016-03-28,11.822835963653755
116,2016-03-29,14.999120252396555
117,2016-03-30,16.234341920240976
118,2016-03-31,15.52850096718702
119,2016-04-01,14.646199775869578
120,2016-04-02,11.469915487126778
121,2016-04-03,9.352392627964909
122,2016-04-04,16.410802158504463
123,2016-04-05,16.587262396767954
124,2016-04-06,17.116643111558428
125,2016-04-07,16.940182873294926
126,2016-04-08,14.646199775869578
127,2016-04-09,10.587614295809331
128,2016-04-10,9.528852866228398
129,2016-04-11,17.64602382634889
130,2016-04-12,16.940182873294926
131,2016-04-13,17.4695635880854
132,2016-04-14,16.410802158504463
133,2016-04-15,14.822660014133064
134,2016-04-16,10.587614295809331
135,2016-04-17,9.175932389701423
136,2016-04-18,14.822660014133064
137,2016-04-19,16.587262396767954
138,2016-04-20,14.469739537606094
139,2016-04-21,13.410978108025153
140,2016-04-22,13.058057631498176
141,2016-04-23,9.352392627964909
142,2016-04-24,9.175932389701423
143,2016-04-25,15.70496120545051
144,2016-04-26,16.05788168197749
145,2016-04-27,15.70496120545051
146,2016-04-28,15.175580490660046
147,2016-04-29,14.822660014133064
148,2016-04-30,16.05788168197749
149,2016-05-01,9.352392627964909
150,2016-05-02,13.940358822815618
151,2016-05-03,14.469739537606094
152,2016-05-04,14.822660014133064
153,2016-05-05,13.587438346288641
154,2016-05-06,12.175756440180734
155,2016-05-07,8.999472151437931
156,2016-05-08,7.587790245330023
157,2016-05-09,12.528676916707706
158,2016-05-10,13.587438346288641
159,2016-05-11,13.940358822815618
160,2016-05-12,13.058057631498176
161,2016-05-13,12.175756440180734
162,2016-05-14,8.823011913174446
163,2016-05-15,8.293631198383977
164,2016-05-16,13.058057631498176
165,2016-05-17,13.763898584552134
166,2016-05-18,13.940358822815618
167,2016-05-19,14.116819061079108
168,2016-05-20,13.763898584552134
169,2016-05-21,9.175932389701423
170,2016-05-22,8.470091436647463
171,2016-05-23,13.23451786976166
172,2016-05-24,13.940358822815618
173,2016-05-25,12.705137154971197
174,2016-05-26,12.352216678444217
175,2016-05-27,11.293455248863287
176,2016-05-28,8.117170960120488
177,2016-05-29,7.587790245330023
178,2016-05-30,11.293455248863287
179,2016-05-31,12.528676916707706
180,2016-06-01,14.116819061079108
181,2016-06-02,12.528676916707706
182,2016-06-03,11.116995010599798
183,2016-06-04,8.293631198383977
184,2016-06-05,7.76425048359351
185,2016-06-06,11.822835963653755
186,2016-06-07,12.781444285031085
187,2016-06-08,13.100980392156863
188,2016-06-09,12.14237207077953
189,2016-06-10,11.822835963653755
190,2016-06-11,8.627474892395982
191,2016-06-12,8.307938785270206
192,2016-06-13,11.822835963653755
193,2016-06-14,12.461908177905302
194,2016-06-15,12.461908177905302
195,2016-06-16,11.503299856527981
196,2016-06-17,10.544691535150648
197,2016-06-18,8.307938785270206
198,2016-06-19,7.828634624581539
199,2016-06-20,11.822835963653755
200,2016-06-21,11.663067910090865
201,2016-06-22,12.461908177905302
202,2016-06-23,12.14237207077953
203,2016-06-24,11.02399569583931
204,2016-06-25,8.947010999521762
205,2016-06-26,10.06538737446198
206,2016-06-27,14.698660927785745
207,2016-06-28,14.698660927785745
208,2016-06-29,13.42051649928264
209,2016-06-30,11.663067910090865
210,2016-07-01,10.544691535150648
211,2016-07-02,8.467706838833093
212,2016-07-03,7.6688665710186505
213,2016-07-04,10.704459588713533
214,2016-07-05,11.02399569583931
215,2016-07-06,11.183763749402196
216,2016-07-07,10.864227642276422
217,2016-07-08,10.06538737446198
218,2016-07-09,7.988402678144429
219,2016-07-10,7.828634624581539
220,2016-07-11,11.822835963653755
221,2016-07-12,11.02399569583931
222,2016-07-13,11.503299856527981
223,2016-07-14,12.14237207077953
224,2016-07-15,13.580284552845532
225,2016-07-16,10.544691535150648
226,2016-07-17,8.627474892395982
227,2016-07-18,12.94121233859397
228,2016-07-19,12.94121233859397
229,2016-07-20,11.822835963653755
230,2016-07-21,12.621676231468198
231,2016-07-22,10.704459588713533
232,2016-07-23,8.627474892395982
233,2016-07-24,8.627474892395982
234,2016-07-25,11.34353180296509
235,2016-07-26,12.14237207077953
236,2016-07-27,13.42051649928264
237,2016-07-28,12.14237207077953
238,2016-07-29,10.704459588713533
239,2016-07-30,8.627474892395982
240,2016-07-31,8.787242945958871
241,2016-08-01,11.822835963653755
242,2016-08-02,12.94121233859397
243,2016-08-03,12.461908177905302
244,2016-08-04,11.663067910090865
245,2016-08-05,10.225155428024868
246,2016-08-06,7.509098517455763
247,2016-08-07,7.029794356767097
248,2016-08-08,10.544691535150648
249,2016-08-09,10.864227642276422
250,2016-08-10,11.183763749402196
251,2016-08-11,11.822835963653755
252,2016-08-12,9.426315160210427
253,2016-08-13,7.988402678144429
254,2016-08-14,7.1895624103299856
255,2016-08-15,10.544691535150648
256,2016-08-16,12.14237207077953
257,2016-08-17,11.183763749402196
258,2016-08-18,11.822835963653755
259,2016-08-19,10.704459588713533
260,2016-08-20,8.467706838833093
261,2016-08-21,7.509098517455763
262,2016-08-22,11.183763749402196
263,2016-08-23,11.822835963653755
264,2016-08-24,12.621676231468198
265,2016-08-25,11.98260401721664
266,2016-08-26,10.544691535150648
267,2016-08-27,8.787242945958871
268,2016-08-28,8.307938785270206
269,2016-08-29,11.34353180296509
270,2016-08-30,12.621676231468198
271,2016-08-31,12.461908177905302
272,2016-09-01,12.781444285031085
273,2016-09-02,10.864227642276422
274,2016-09-03,8.307938785270206
275,2016-09-04,8.307938785270206
276,2016-09-05,10.864227642276422
277,2016-09-06,12.621676231468198
278,2016-09-07,13.580284552845532
279,2016-09-08,12.94121233859397
280,2016-09-09,12.621676231468198
281,2016-09-10,9.586083213773312
282,2016-09-11,7.988402678144429
283,2016-09-12,13.260748445719752
284,2016-09-13,13.8998206599713
285,2016-09-14,13.260748445719752
286,2016-09-15,13.260748445719752
287,2016-09-16,11.34353180296509
288,2016-09-17,9.586083213773312
289,2016-09-18,7.6688665710186505
290,2016-09-19,14.059588713534193
291,2016-09-20,15.018197034911527
292,2016-09-21,15.018197034911527
293,2016-09-22,15.657269249163077
294,2016-09-23,14.059588713534193
295,2016-09-24,15.976805356288859
296,2016-09-25,10.06538737446198
297,2016-09-26,14.219356767097086
298,2016-09-27,14.858428981348634
299,2016-09-28,15.018197034911527
300,2016-09-29,15.657269249163077
301,2016-09-30,13.260748445719752
302,2016-10-01,9.266547106647536
303,2016-10-02,9.10677905308465
304,2016-10-03,13.42051649928264
305,2016-10-04,14.858428981348634
306,2016-10-05,14.698660927785745
307,2016-10-06,13.740052606408417
308,2016-10-07,12.461908177905302
309,2016-10-08,9.586083213773312
310,2016-10-09,8.787242945958871
311,2016-10-10,13.100980392156863
312,2016-10-11,15.018197034911527
313,2016-10-12,14.698660927785745
314,2016-10-13,14.379124820659971
315,2016-10-14,12.94121233859397
316,2016-10-15,9.745851267336203
317,2016-10-16,9.426315160210427
318,2016-10-17,13.8998206599713
319,2016-10-18,14.379124820659971
320,2016-10-19,14.538892874222862
321,2016-10-20,13.580284552845532
322,2016-10-21,11.822835963653755
323,2016-10-22,9.426315160210427
324,2016-10-23,8.627474892395982
325,2016-10-24,13.740052606408417
326,2016-10-25,14.538892874222862
327,2016-10-26,13.740052606408417
328,2016-10-27,13.42051649928264
329,2016-10-28,11.98260401721664
330,2016-10-29,8.627474892395982
331,2016-10-30,8.467706838833093
332,2016-10-31,11.822835963653755
333,2016-11-01,12.14237207077953
334,2016-11-02,13.740052606408417
335,2016-11-03,14.059588713534193
336,2016-11-04,12.94121233859397
337,2016-11-05,9.10677905308465
338,2016-11-06,9.905619320899094
339,2016-11-07,13.42051649928264
340,2016-11-08,13.580284552845532
341,2016-11-09,11.98260401721664
342,2016-11-10,12.94121233859397
343,2016-11-11,11.34353180296509
344,2016-11-12,9.586083213773312
345,2016-11-13,9.266547106647536
346,2016-11-14,13.100980392156863
347,2016-11-15,13.740052606408417
348,2016-11-16,13.8998206599713
349,2016-11-17,13.8998206599713
350,2016-11-18,12.621676231468198
351,2016-11-19,9.266547106647536
352,2016-11-20,9.10677905308465
353,2016-11-21,13.580284552845532
354,2016-11-22,13.100980392156863
355,2016-11-23,12.94121233859397
356,2016-11-24,11.98260401721664
357,2016-11-25,10.225155428024868
358,2016-11-26,8.467706838833093
359,2016-11-27,8.148170731707316
360,2016-11-28,12.621676231468198
361,2016-11-29,13.260748445719752
362,2016-11-30,13.42051649928264
363,2016-12-01,12.94121233859397
364,2016-12-02,10.704459588713533
365,2016-12-03,8.787242945958871
366,2016-12-04,7.988402678144429
367,2016-12-05,11.183763749402196
368,2016-12-06,11.503299856527981
369,2016-12-07,10.864227642276422
370,2016-12-08,10.544691535150648
371,2016-12-09,8.947010999521762
372,2016-12-10,6.71025824964132
373,2016-12-11,6.390722142515543
374,2016-12-12,9.905619320899094
375,2016-12-13,10.384923481587759
376,2016-12-14,10.225155428024868
377,2016-12-15,9.266547106647536
378,2016-12-16,8.627474892395982
379,2016-12-17,5.911417981826878
380,2016-12-18,6.071186035389765
381,2016-12-19,8.787242945958871
382,2016-12-20,9.745851267336203
383,2016-12-21,8.467706838833093
384,2016-12-22,7.6688665710186505
385,2016-12-23,7.349330463892873
386,2016-12-24,5.272345767575324
387,2016-12-25,4.153969392635103
388,2016-12-26,6.230954088952651
389,2016-12-27,8.148170731707316
390,2016-12-28,8.947010999521762
391,2016-12-29,10.384923481587759
392,2016-12-30,10.06538737446198
393,2016-12-31,5.591881874701098
394,2017-01-01,6.230954088952651
395,2017-01-02,11.663067910090865
396,2017-01-03,13.100980392156863
397,2017-01-04,11.98260401721664
398,2017-01-05,10.384923481587759
399,2017-01-06,9.586083213773312
400,2017-01-07,7.509098517455763
401,2017-01-08,7.349330463892873
402,2017-01-09,11.34353180296509
403,2017-01-10,12.621676231468198
404,2017-01-11,14.219356767097086
405,2017-01-12,13.42051649928264
406,2017-01-13,12.461908177905302
407,2017-01-14,9.426315160210427
408,2017-01-15,7.828634624581539
409,2017-01-16,12.30214012434242
410,2017-01-17,13.740052606408417
411,2017-01-18,13.42051649928264
412,2017-01-19,12.621676231468198
413,2017-01-20,11.02399569583931
414,2017-01-21,8.947010999521762
415,2017-01-22,8.148170731707316
416,2017-01-23,13.100980392156863
417,2017-01-24,12.781444285031085
418,2017-01-25,13.260748445719752
419,2017-01-26,12.30214012434242
420,2017-01-27,11.663067910090865
421,2017-01-28,8.467706838833093
422,2017-01-29,8.148170731707316
423,2017-01-30,11.503299856527981
424,2017-01-31,12.781444285031085
425,2017-02-01,12.14237207077953
426,2017-02-02,11.34353180296509
427,2017-02-03,11.183763749402196
428,2017-02-04,8.627474892395982
429,2017-02-05,7.828634624581539
430,2017-02-06,11.98260401721664
431,2017-02-07,13.100980392156863
432,2017-02-08,11.98260401721664
433,2017-02-09,12.621676231468198
434,2017-02-10,11.183763749402196
435,2017-02-11,8.467706838833093
436,2017-02-12,7.828634624581539
437,2017-02-13,11.822835963653755
438,2017-02-14,13.260748445719752
439,2017-02-15,12.14237207077953
440,2017-02-16,11.98260401721664
441,2017-02-17,11.98260401721664
442,2017-02-18,9.426315160210427
443,2017-02-19,7.988402678144429
444,2017-02-20,12.461908177905302
445,2017-02-21,12.461908177905302
446,2017-02-22,13.42051649928264
447,2017-02-23,12.621676231468198
448,2017-02-24,10.864227642276422
449,2017-02-25,9.266547106647536
450,2017-02-26,7.6688665710186505
451,2017-02-27,10.704459588713533
452,2017-02-28,11.822835963653755
453,2017-03-01,12.14237207077953
454,2017-03-02,11.98260401721664
455,2017-03-03,11.503299856527981
456,2017-03-04,9.10677905308465
457,2017-03-05,8.787242945958871
458,2017-03-06,12.461908177905302
459,2017-03-07,12.461908177905302
460,2017-03-08,12.621676231468198
461,2017-03-09,12.30214012434242
462,2017-03-10,10.704459588713533
463,2017-03-11,8.627474892395982
464,2017-03-12,8.467706838833093
465,2017-03-13,12.781444285031085
466,2017-03-14,12.30214012434242
467,2017-03-15,12.461908177905302
468,2017-03-16,12.781444285031085
469,2017-03-17,12.14237207077953
470,2017-03-18,9.426315160210427
471,2017-03-19,8.787242945958871
472,2017-03-20,12.14237207077953
473,2017-03-21,13.740052606408417
474,2017-03-22,13.100980392156863
475,2017-03-23,12.30214012434242
476,2017-03-24,12.94121233859397
477,2017-03-25,9.426315160210427
478,2017-03-26,8.627474892395982
479,2017-03-27,12.621676231468198
480,2017-03-28,13.260748445719752
481,2017-03-29,13.42051649928264
482,2017-03-30,13.580284552845532
483,2017-03-31,12.14237207077953
484,2017-04-01,9.745851267336203
485,2017-04-02,9.266547106647536
486,2017-04-03,12.94121233859397
487,2017-04-04,13.100980392156863
488,2017-04-05,13.260748445719752
489,2017-04-06,12.781444285031085
490,2017-04-07,11.822835963653755
491,2017-04-08,8.787242945958871
492,2017-04-09,8.148170731707316
493,2017-04-10,12.30214012434242
494,2017-04-11,12.461908177905302
495,2017-04-12,12.461908177905302
496,2017-04-13,11.02399569583931
497,2017-04-14,8.947010999521762
498,2017-04-15,7.6688665710186505
499,2017-04-16,7.349330463892873
500,2017-04-17,13.42051649928264
501,2017-04-18,15.018197034911527
502,2017-04-19,15.976805356288859
503,2017-04-20,15.177965088474412
504,2017-04-21,12.461908177905302
505,2017-04-22,9.745851267336203
506,2017-04-23,8.627474892395982
507,2017-04-24,13.740052606408417
508,2017-04-25,14.059588713534193
509,2017-04-26,14.059588713534193
510,2017-04-27,13.8998206599713
511,2017-04-28,10.704459588713533
512,2017-04-29,8.787242945958871
513,2017-04-30,7.1895624103299856
514,2017-05-01,10.06538737446198
515,2017-05-02,12.461908177905302
516,2017-05-03,13.740052606408417
517,2017-05-04,12.781444285031085
518,2017-05-05,11.183763749402196
519,2017-05-06,8.627474892395982
520,2017-05-07,7.6688665710186505
521,2017-05-08,12.94121233859397
522,2017-05-09,12.94121233859397
523,2017-05-10,12.621676231468198
524,2017-05-11,12.30214012434242
525,2017-05-12,12.30214012434242
526,2017-05-13,10.544691535150648
527,2017-05-14,7.988402678144429
528,2017-05-15,12.14237207077953
529,2017-05-16,13.740052606408417
530,2017-05-17,13.260748445719752
531,2017-05-18,11.98260401721664
532,2017-05-19,12.94121233859397
533,2017-05-20,11.98260401721664
534,2017-05-21,10.384923481587759
535,2017-05-22,14.059588713534193
536,2017-05-23,14.219356767097086
537,2017-05-24,13.580284552845532
538,2017-05-25,14.538892874222862
539,2017-05-26,14.059588713534193
540,2017-05-27,9.266547106647536
541,2017-05-28,8.627474892395982
542,2017-05-29,11.34353180296509
543,2017-05-30,12.94121233859397
544,2017-05-31,12.781444285031085
545,2017-06-01,11.503299856527981
546,2017-06-02,11.822835963653755
547,2017-06-03,9.426315160210427
548,2017-06-04,8.467706838833093
549,2017-06-05,13.42051649928264
550,2017-06-06,13.8998206599713
551,2017-06-07,14.569691535150648
552,2017-06-08,13.732352941176472
553,2017-06-09,12.39261119081779
554,2017-06-10,9.043256814921092
555,2017-06-11,9.545659971305595
556,2017-06-12,12.72754662840746
557,2017-06-13,13.732352941176472
558,2017-06-14,12.72754662840746
559,2017-06-15,11.555272596843613
560,2017-06-16,11.052869440459112
561,2017-06-17,8.37338593974175
562,2017-06-18,8.205918220946915
563,2017-06-19,12.057675753228121
564,2017-06-20,12.895014347202293
565,2017-06-21,12.560078909612626
566,2017-06-22,12.225143472022957
567,2017-06-23,11.72274031563845
568,2017-06-24,9.043256814921092
569,2017-06-25,8.205918220946915
570,2017-06-26,11.890208034433284
571,2017-06-27,12.560078909612626
572,2017-06-28,12.560078909612626
573,2017-06-29,12.72754662840746
574,2017-06-30,10.885401721664278
575,2017-07-01,8.37338593974175
576,2017-07-02,7.703515064562411
577,2017-07-03,11.220337159253946
578,2017-07-04,11.555272596843613
579,2017-07-05,12.225143472022957
580,2017-07-06,11.72274031563845
581,2017-07-07,11.052869440459112
582,2017-07-08,8.875789096126255
583,2017-07-09,8.37338593974175
584,2017-07-10,11.220337159253946
585,2017-07-11,12.72754662840746
586,2017-07-12,12.225143472022957
587,2017-07-13,11.890208034433284
588,2017-07-14,10.382998565279772
589,2017-07-15,8.540853658536587
590,2017-07-16,8.37338593974175
591,2017-07-17,11.72274031563845
592,2017-07-18,11.72274031563845
593,2017-07-19,12.057675753228121
594,2017-07-20,12.225143472022957
595,2017-07-21,10.885401721664278
596,2017-07-22,9.043256814921092
597,2017-07-23,8.37338593974175
598,2017-07-24,12.057675753228121
599,2017-07-25,11.890208034433284
600,2017-07-26,12.225143472022957
601,2017-07-27,11.220337159253946
602,2017-07-28,11.890208034433284
603,2017-07-29,9.043256814921092
604,2017-07-30,7.703515064562411
605,2017-07-31,11.220337159253946
606,2017-08-01,12.560078909612626
607,2017-08-02,12.560078909612626
608,2017-08-03,11.890208034433284
609,2017-08-04,10.550466284074606
610,2017-08-05,8.540853658536587
611,2017-08-06,7.870982783357247
612,2017-08-07,11.72274031563845
613,2017-08-08,12.225143472022957
614,2017-08-09,12.560078909612626
615,2017-08-10,11.890208034433284
616,2017-08-11,10.550466284074606
617,2017-08-12,8.708321377331421
618,2017-08-13,7.703515064562411
619,2017-08-14,11.052869440459112
620,2017-08-15,11.72274031563845
621,2017-08-16,11.72274031563845
622,2017-08-17,12.057675753228121
623,2017-08-18,11.72274031563845
624,2017-08-19,9.378192252510763
625,2017-08-20,8.205918220946915
626,2017-08-21,12.39261119081779
627,2017-08-22,13.3974175035868
628,2017-08-23,14.067288378766147
629,2017-08-24,13.3974175035868
630,2017-08-25,12.225143472022957
631,2017-08-26,9.043256814921092
632,2017-08-27,8.37338593974175
633,2017-08-28,12.72754662840746
634,2017-08-29,14.067288378766147
635,2017-08-30,13.229949784791966
636,2017-08-31,13.229949784791966
637,2017-09-01,12.560078909612626
638,2017-09-02,10.215530846484937
639,2017-09-03,9.378192252510763
640,2017-09-04,13.3974175035868
641,2017-09-05,15.407030129124822
642,2017-09-06,15.072094691535154
643,2017-09-07,14.067288378766147
644,2017-09-08,12.225143472022957
645,2017-09-09,8.540853658536587
646,2017-09-10,8.205918220946915
647,2017-09-11,14.737159253945478
648,2017-09-12,14.737159253945478
649,2017-09-13,14.90462697274032
650,2017-09-14,14.067288378766147
651,2017-09-15,13.229949784791966
652,2017-09-16,15.072094691535154
653,2017-09-17,9.210724533715927
654,2017-09-18,13.8998206599713
655,2017-09-19,14.737159253945478
656,2017-09-20,14.234756097560975
657,2017-09-21,14.067288378766147
658,2017-09-22,14.067288378766147
659,2017-09-23,10.71793400286944
660,2017-09-24,9.210724533715927
661,2017-09-25,13.564885222381633
662,2017-09-26,14.402223816355814
663,2017-09-27,14.234756097560975
664,2017-09-28,14.067288378766147
665,2017-09-29,12.895014347202293
666,2017-09-30,9.71312769010043
667,2017-10-01,9.378192252510763
668,2017-10-02,13.8998206599713
669,2017-10-03,14.90462697274032
670,2017-10-04,14.737159253945478
671,2017-10-05,14.569691535150648
672,2017-10-06,13.3974175035868
673,2017-10-07,10.382998565279772
674,2017-10-08,9.378192252510763
675,2017-10-09,13.732352941176472
676,2017-10-10,14.234756097560975
677,2017-10-11,14.402223816355814
678,2017-10-12,13.3974175035868
679,2017-10-13,12.895014347202293
680,2017-10-14,9.545659971305595
681,2017-10-15,9.378192252510763
682,2017-10-16,13.564885222381633
683,2017-10-17,15.072094691535154
684,2017-10-18,14.90462697274032
685,2017-10-19,14.737159253945478
686,2017-10-20,13.564885222381633
687,2017-10-21,10.71793400286944
688,2017-10-22,9.210724533715927
689,2017-10-23,15.239562410329984
690,2017-10-24,15.909433285509325
691,2017-10-25,16.7467718794835
692,2017-10-26,15.909433285509325
693,2017-10-27,13.062482065997127
694,2017-10-28,10.0480631276901
695,2017-10-29,9.880595408895266
696,2017-10-30,14.737159253945478
697,2017-10-31,13.8998206599713
698,2017-11-01,12.72754662840746
699,2017-11-02,13.229949784791966
700,2017-11-03,12.39261119081779
701,2017-11-04,9.880595408895266
702,2017-11-05,9.545659971305595
703,2017-11-06,13.8998206599713
704,2017-11-07,14.402223816355814
705,2017-11-08,14.402223816355814
706,2017-11-09,14.234756097560975
707,2017-11-10,13.229949784791966
708,2017-11-11,10.215530846484937
709,2017-11-12,9.210724533715927
710,2017-11-13,14.234756097560975
711,2017-11-14,14.234756097560975
712,2017-11-15,13.564885222381633
713,2017-11-16,13.3974175035868
714,2017-11-17,12.225143472022957
715,2017-11-18,9.378192252510763
716,2017-11-19,9.378192252510763
717,2017-11-20,13.229949784791966
718,2017-11-21,14.737159253945478
719,2017-11-22,13.564885222381633
720,2017-11-23,11.890208034433284
721,2017-11-24,10.382998565279772
722,2017-11-25,9.378192252510763
723,2017-11-26,8.875789096126255
724,2017-11-27,12.39261119081779
725,2017-11-28,13.564885222381633
726,2017-11-29,13.564885222381633
727,2017-11-30,12.39261119081779
728,2017-12-01,11.72274031563845
729,2017-12-02,8.708321377331421
730,2017-12-03,8.37338593974175
731,2017-12-04,12.39261119081779
732,2017-12-05,12.560078909612626
733,2017-12-06,12.057675753228121
734,2017-12-07,11.483500717360116
735,2017-12-08,10.0480631276901
736,2017-12-09,8.612625538020085
737,2017-12-10,7.751362984218078
738,2017-12-11,11.483500717360116
739,2017-12-12,11.483500717360116
740,2017-12-13,11.770588235294117
741,2017-12-14,11.483500717360116
742,2017-12-15,9.760975609756098
743,2017-12-16,7.751362984218078
744,2017-12-17,6.6030129124820665
745,2017-12-18,9.760975609756098
746,2017-12-19,10.622238163558109
747,2017-12-20,10.622238163558109
748,2017-12-21,9.760975609756098
749,2017-12-22,8.325538020086084
750,2017-12-23,6.315925394548063
751,2017-12-24,5.454662840746053
752,2017-12-25,6.315925394548063
753,2017-12-26,8.038450502152081
754,2017-12-27,9.760975609756098
755,2017-12-28,10.335150645624102
756,2017-12-29,8.612625538020085
757,2017-12-30,6.6030129124820665
758,2017-12-31,4.880487804878049
759,2018-01-01,6.028837876614061
760,2018-01-02,10.0480631276901
761,2018-01-03,11.196413199426111
762,2018-01-04,11.196413199426111
763,2018-01-05,10.622238163558109
764,2018-01-06,8.612625538020085
765,2018-01-07,8.038450502152081
766,2018-01-08,13.206025824964133
767,2018-01-09,19.809038737446198
768,2018-01-10,16.938163558106165
769,2018-01-11,16.938163558106165
770,2018-01-12,16.938163558106165
771,2018-01-13,12.631850789096125
772,2018-01-14,10.335150645624102
773,2018-01-15,18.947776183644194
774,2018-01-16,23.828263988522245
775,2018-01-17,28.70875179340029
776,2018-01-18,26.986226685796268
777,2018-01-19,23.828263988522245
778,2018-01-20,16.076901004304162
779,2018-01-21,12.057675753228121
780,2018-01-22,18.947776183644194
781,2018-01-23,20.670301291248204
782,2018-01-24,18.660688665710186
783,2018-01-25,19.234863701578192
784,2018-01-26,18.660688665710186
785,2018-01-27,15.215638450502153
786,2018-01-28,11.770588235294117
787,2018-01-29,17.22525107604017
788,2018-01-30,17.22525107604017
789,2018-01-31,16.076901004304162
790,2018-02-01,15.215638450502153
791,2018-02-02,14.354375896700144
792,2018-02-03,11.196413199426111
793,2018-02-04,9.473888091822097
794,2018-02-05,14.354375896700144
795,2018-02-06,14.641463414634146
796,2018-02-07,14.641463414634146
797,2018-02-08,14.354375896700144
798,2018-02-09,12.344763271162124
799,2018-02-10,9.760975609756098
800,2018-02-11,8.612625538020085
801,2018-02-12,11.770588235294117
802,2018-02-13,12.344763271162124
803,2018-02-14,12.344763271162124
804,2018-02-15,12.918938307030132
805,2018-02-16,13.206025824964133
806,2018-02-17,11.770588235294117
807,2018-02-18,9.186800573888092
808,2018-02-19,13.780200860832137
809,2018-02-20,14.354375896700144
810,2018-02-21,13.780200860832137
811,2018-02-22,14.354375896700144
812,2018-02-23,13.206025824964133
813,2018-02-24,10.0480631276901
814,2018-02-25,8.612625538020085
815,2018-02-26,12.918938307030132
816,2018-02-27,13.206025824964133
817,2018-02-28,13.206025824964133
818,2018-03-01,12.918938307030132
819,2018-03-02,12.057675753228121
820,2018-03-03,10.0480631276901
821,2018-03-04,9.186800573888092
822,2018-03-05,12.631850789096125
823,2018-03-06,13.206025824964133
824,2018-03-07,13.493113342898134
825,2018-03-08,12.918938307030132
826,2018-03-09,12.918938307030132
827,2018-03-10,10.335150645624102
828,2018-03-11,9.473888091822097
829,2018-03-12,13.493113342898134
830,2018-03-13,14.354375896700144
831,2018-03-14,13.780200860832137
832,2018-03-15,14.067288378766147
833,2018-03-16,12.918938307030132
834,2018-03-17,9.760975609756098
835,2018-03-18,8.612625538020085
836,2018-03-19,13.493113342898134
837,2018-03-20,13.780200860832137
838,2018-03-21,13.780200860832137
839,2018-03-22,13.780200860832137
840,2018-03-23,12.057675753228121
841,2018-03-24,9.760975609756098
842,2018-03-25,9.186800573888092
843,2018-03-26,12.631850789096125
844,2018-03-27,14.067288378766147
845,2018-03-28,13.493113342898134
846,2018-03-29,12.057675753228121
847,2018-03-30,10.0480631276901
848,2018-03-31,8.612625538020085
849,2018-04-01,7.751362984218078
850,2018-04-02,11.770588235294117
851,2018-04-03,13.493113342898134
852,2018-04-04,13.493113342898134
853,2018-04-05,13.780200860832137
854,2018-04-06,12.631850789096125
855,2018-04-07,10.0480631276901
856,2018-04-08,9.186800573888092
857,2018-04-09,14.067288378766147
858,2018-04-10,14.928550932568152
859,2018-04-11,14.067288378766147
860,2018-04-12,14.067288378766147
861,2018-04-13,12.918938307030132
862,2018-04-14,9.186800573888092
863,2018-04-15,9.186800573888092
864,2018-04-16,14.928550932568152
865,2018-04-17,14.928550932568152
866,2018-04-18,15.215638450502153
867,2018-04-19,14.928550932568152
868,2018-04-20,13.780200860832137
869,2018-04-21,10.335150645624102
870,2018-04-22,10.909325681492106
871,2018-04-23,18.086513629842184
872,2018-04-24,18.373601147776185
873,2018-04-25,16.651076040172168
874,2018-04-26,16.076901004304162
875,2018-04-27,14.641463414634146
876,2018-04-28,10.909325681492106
877,2018-04-29,9.186800573888092
878,2018-04-30,12.631850789096125
879,2018-05-01,11.770588235294117
880,2018-05-02,14.641463414634146
881,2018-05-03,14.641463414634146
882,2018-05-04,13.206025824964133
883,2018-05-05,9.760975609756098
884,2018-05-06,8.899713055954088
885,2018-05-07,13.780200860832137
886,2018-05-08,14.928550932568152
887,2018-05-09,14.354375896700144
888,2018-05-10,14.067288378766147
889,2018-05-11,13.493113342898134
890,2018-05-12,12.631850789096125
891,2018-05-13,8.612625538020085
892,2018-05-14,14.067288378766147
893,2018-05-15,14.067288378766147
894,2018-05-16,13.780200860832137
895,2018-05-17,13.493113342898134
896,2018-05-18,12.631850789096125
897,2018-05-19,8.612625538020085
898,2018-05-20,8.325538020086084
899,2018-05-21,12.631850789096125
900,2018-05-22,13.780200860832137
901,2018-05-23,13.493113342898134
902,2018-05-24,12.631850789096125
903,2018-05-25,11.196413199426111
904,2018-05-26,8.612625538020085
905,2018-05-27,8.038450502152081
906,2018-05-28,11.196413199426111
907,2018-05-29,13.206025824964133
908,2018-05-30,12.918938307030132
909,2018-05-31,11.196413199426111
910,2018-06-01,10.909325681492106
911,2018-06-02,8.899713055954088
912,2018-06-03,8.612625538020085
913,2018-06-04,12.631850789096125
914,2018-06-05,13.206025824964133
915,2018-06-06,12.918938307030132
916,2018-06-07,12.422056064452047
917,2018-06-08,11.593918993488577
918,2018-06-09,9.275135194790863
919,2018-06-10,8.943880366405475
920,2018-06-11,12.422056064452047
921,2018-06-12,13.250193135415516
922,2018-06-13,12.753310892837433
923,2018-06-14,12.422056064452047
924,2018-06-15,11.097036750910497
925,2018-06-16,8.281370709634697
926,2018-06-17,7.453233638671228
927,2018-06-18,12.256428650259354
928,2018-06-19,12.256428650259354
929,2018-06-20,12.587683478644744
930,2018-06-21,12.256428650259354
931,2018-06-22,11.75954640768127
932,2018-06-23,8.943880366405475
933,2018-06-24,8.44699812382739
934,2018-06-25,13.250193135415516
935,2018-06-26,12.753310892837433
936,2018-06-27,11.428291579295884
937,2018-06-28,11.428291579295884
938,2018-06-29,10.9314093367178
939,2018-06-30,7.95011588124931
940,2018-07-01,7.95011588124931
941,2018-07-02,10.600154508332412
942,2018-07-03,11.593918993488577
943,2018-07-04,11.75954640768127
944,2018-07-05,13.084565721222827
945,2018-07-06,10.600154508332412
946,2018-07-07,9.109507780598168
947,2018-07-08,8.612625538020085
948,2018-07-09,13.084565721222827
949,2018-07-10,13.084565721222827
950,2018-07-11,12.753310892837433
951,2018-07-12,12.422056064452047
952,2018-07-13,11.925173821873964
953,2018-07-14,9.440762608983555
954,2018-07-15,8.612625538020085
955,2018-07-16,13.084565721222827
956,2018-07-17,15.072094691535154
957,2018-07-18,14.906467277342456
958,2018-07-19,13.250193135415516
959,2018-07-20,12.256428650259354
960,2018-07-21,9.772017437368943
961,2018-07-22,10.600154508332412
962,2018-07-23,16.397114005076702
963,2018-07-24,15.568976934113232
964,2018-07-25,13.747075377993598
965,2018-07-26,13.250193135415516
966,2018-07-27,11.925173821873964
967,2018-07-28,9.275135194790863
968,2018-07-29,8.612625538020085
969,2018-07-30,12.753310892837433
970,2018-07-31,12.918938307030132
971,2018-08-01,13.581447963800903
972,2018-08-02,13.581447963800903
973,2018-08-03,12.753310892837433
974,2018-08-04,12.09080123606666
975,2018-08-05,9.440762608983555
976,2018-08-06,14.575212448957064
977,2018-08-07,14.243957620571681
978,2018-08-08,13.912702792186293
979,2018-08-09,13.747075377993598
980,2018-08-10,12.256428650259354
981,2018-08-11,10.103272265754333
982,2018-08-12,8.44699812382739
983,2018-08-13,13.41582054960821
984,2018-08-14,13.084565721222827
985,2018-08-15,13.084565721222827
986,2018-08-16,13.41582054960821
987,2018-08-17,13.581447963800903
988,2018-08-18,14.575212448957064
989,2018-08-19,8.778252952212782
990,2018-08-20,13.747075377993598
991,2018-08-21,14.409585034764373
992,2018-08-22,14.243957620571681
993,2018-08-23,13.581447963800903
994,2018-08-24,12.918938307030132
995,2018-08-25,10.765781922525107
996,2018-08-26,9.440762608983555
997,2018-08-27,13.747075377993598
998,2018-08-28,14.74083986314976
999,2018-08-29,14.07833020637899
1000,2018-08-30,13.41582054960821
1001,2018-08-31,12.918938307030132
1002,2018-09-01,10.103272265754333
1003,2018-09-02,8.612625538020085
1004,2018-09-03,12.256428650259354
1005,2018-09-04,12.918938307030132
1006,2018-09-05,13.41582054960821
1007,2018-09-06,13.250193135415516
1008,2018-09-07,11.75954640768127
1009,2018-09-08,8.778252952212782
1010,2018-09-09,8.778252952212782
1011,2018-09-10,13.41582054960821
1012,2018-09-11,14.409585034764373
1013,2018-09-12,14.409585034764373
1014,2018-09-13,13.912702792186293
1015,2018-09-14,13.084565721222827
1016,2018-09-15,9.772017437368943
1017,2018-09-16,8.612625538020085
1018,2018-09-17,13.250193135415516
1019,2018-09-18,14.07833020637899
1020,2018-09-19,13.912702792186293
1021,2018-09-20,13.250193135415516
1022,2018-09-21,12.09080123606666
1023,2018-09-22,10.765781922525107
1024,2018-09-23,8.44699812382739
1025,2018-09-24,13.250193135415516
1026,2018-09-25,14.575212448957064
1027,2018-09-26,14.243957620571681
1028,2018-09-27,14.07833020637899
1029,2018-09-28,12.753310892837433
1030,2018-09-29,10.600154508332412
1031,2018-09-30,9.275135194790863
1032,2018-10-01,14.07833020637899
1033,2018-10-02,15.072094691535154
1034,2018-10-03,15.734604348305927
1035,2018-10-04,15.90023176249862
1036,2018-10-05,13.41582054960821
1037,2018-10-06,10.103272265754333
1038,2018-10-07,8.778252952212782
1039,2018-10-08,13.912702792186293
1040,2018-10-09,14.575212448957064
1041,2018-10-10,15.403349519920539
1042,2018-10-11,14.906467277342456
1043,2018-10-12,14.07833020637899
1044,2018-10-13,10.600154508332412
1045,2018-10-14,9.93764485156164
1046,2018-10-15,15.568976934113232
1047,2018-10-16,16.397114005076702
1048,2018-10-17,16.562741419269393
1049,2018-10-18,16.397114005076702
1050,2018-10-19,14.243957620571681
1051,2018-10-20,11.097036750910497
1052,2018-10-21,10.103272265754333
1053,2018-10-22,14.906467277342456
1054,2018-10-23,15.237722105727848
1055,2018-10-24,14.74083986314976
1056,2018-10-25,15.072094691535154
1057,2018-10-26,14.409585034764373
1058,2018-10-27,10.9314093367178
1059,2018-10-28,9.440762608983555
1060,2018-10-29,13.747075377993598
1061,2018-10-30,14.575212448957064
1062,2018-10-31,13.084565721222827
1063,2018-11-01,13.581447963800903
1064,2018-11-02,13.747075377993598
1065,2018-11-03,11.428291579295884
1066,2018-11-04,11.428291579295884
1067,2018-11-05,16.065859176691312
1068,2018-11-06,16.397114005076702
1069,2018-11-07,15.90023176249862
1070,2018-11-08,15.072094691535154
1071,2018-11-09,14.243957620571681
1072,2018-11-10,10.600154508332412
1073,2018-11-11,9.440762608983555
1074,2018-11-12,14.409585034764373
1075,2018-11-13,15.403349519920539
1076,2018-11-14,15.237722105727848
1077,2018-11-15,14.575212448957064
1078,2018-11-16,12.918938307030132
1079,2018-11-17,10.43452709413972
1080,2018-11-18,9.772017437368943
1081,2018-11-19,13.747075377993598
1082,2018-11-20,14.74083986314976
1083,2018-11-21,16.065859176691312
1084,2018-11-22,12.422056064452047
1085,2018-11-23,10.9314093367178
1086,2018-11-24,9.772017437368943
1087,2018-11-25,8.943880366405475
1088,2018-11-26,14.07833020637899
1089,2018-11-27,14.74083986314976
1090,2018-11-28,14.74083986314976
1091,2018-11-29,14.409585034764373
1092,2018-11-30,13.084565721222827
1093,2018-12-01,9.606390023176248
1094,2018-12-02,8.943880366405475
1095,2018-12-03,13.084565721222827
1096,2018-12-04,14.07833020637899
1097,2018-12-05,13.250193135415516
1098,2018-12-06,12.422056064452047
1099,2018-12-07,11.161847478203288
1100,2018-12-08,8.461400507670236
1101,2018-12-09,8.101340911599161
1102,2018-12-10,12.061996468380972
1103,2018-12-11,12.24202626641651
1104,2018-12-12,12.422056064452047
1105,2018-12-13,12.061996468380972
1106,2018-12-14,11.161847478203288
1107,2018-12-15,8.101340911599161
1108,2018-12-16,7.9213111135636245
1109,2018-12-17,11.161847478203288
1110,2018-12-18,12.962145458558657
1111,2018-12-19,11.881966670345438
1112,2018-12-20,10.981817680167751
1113,2018-12-21,9.721609093918994
1114,2018-12-22,7.201191921421477
1115,2018-12-23,6.481072729279329
1116,2018-12-24,7.021162123385941
1117,2018-12-25,6.661102527314866
1118,2018-12-26,9.001489901776846
1119,2018-12-27,10.621758084096678
1120,2018-12-28,10.261698488025603
1121,2018-12-29,8.101340911599161
1122,2018-12-30,6.841132325350402
1123,2018-12-31,6.661102527314866
1124,2019-01-01,6.481072729279329
1125,2019-01-02,10.441728286061142
1126,2019-01-03,10.981817680167751
1127,2019-01-04,12.962145458558657
1128,2019-01-05,9.90163889195453
1129,2019-01-06,9.181519699812384
1130,2019-01-07,13.142175256594196
1131,2019-01-08,13.862294448736339
1132,2019-01-09,14.762443438914028
1133,2019-01-10,14.402383842842953
1134,2019-01-11,12.422056064452047
1135,2019-01-12,10.081668689990067
1136,2019-01-13,9.001489901776846
1137,2019-01-14,13.502234852665271
1138,2019-01-15,13.322205054629732
1139,2019-01-16,14.222354044807417
1140,2019-01-17,14.042324246771882
1141,2019-01-18,12.602085862487582
1142,2019-01-19,10.081668689990067
1143,2019-01-20,8.821460103741307
1144,2019-01-21,12.602085862487582
1145,2019-01-22,13.862294448736339
1146,2019-01-23,13.502234852665271
1147,2019-01-24,13.322205054629732
1148,2019-01-25,15.302532833020638
1149,2019-01-26,9.721609093918994
1150,2019-01-27,9.90163889195453
1151,2019-01-28,13.682264650700803
1152,2019-01-29,15.302532833020638
1153,2019-01-30,15.482562631056176
1154,2019-01-31,15.1225030349851
1155,2019-02-01,12.602085862487582
1156,2019-02-02,10.441728286061142
1157,2019-02-03,9.90163889195453
1158,2019-02-04,12.602085862487582
1159,2019-02-05,13.862294448736339
1160,2019-02-06,14.222354044807417
1161,2019-02-07,14.402383842842953
1162,2019-02-08,13.682264650700803
1163,2019-02-09,10.441728286061142
1164,2019-02-10,10.081668689990067
1165,2019-02-11,13.862294448736339
1166,2019-02-12,14.942473236949564
1167,2019-02-13,15.482562631056176
1168,2019-02-14,15.302532833020638
1169,2019-02-15,14.222354044807417
1170,2019-02-16,12.422056064452047
1171,2019-02-17,10.261698488025603
1172,2019-02-18,14.402383842842953
1173,2019-02-19,14.942473236949564
1174,2019-02-20,15.1225030349851
1175,2019-02-21,14.582413640878492
1176,2019-02-22,13.682264650700803
1177,2019-02-23,11.521907074274361
1178,2019-02-24,10.621758084096678
1179,2019-02-25,14.402383842842953
1180,2019-02-26,14.762443438914028
1181,2019-02-27,14.402383842842953
1182,2019-02-28,14.222354044807417
1183,2019-03-01,15.1225030349851
1184,2019-03-02,15.482562631056176
1185,2019-03-03,11.7019368723099
1186,2019-03-04,14.582413640878492
1187,2019-03-05,14.942473236949564
1188,2019-03-06,16.562741419269393
1189,2019-03-07,15.662592429091712
1190,2019-03-08,14.582413640878492
1191,2019-03-09,12.061996468380972
1192,2019-03-10,11.7019368723099
1193,2019-03-11,15.302532833020638
1194,2019-03-12,15.842622227127249
1195,2019-03-13,15.302532833020638
1196,2019-03-14,15.482562631056176
1197,2019-03-15,13.502234852665271
1198,2019-03-16,10.981817680167751
1199,2019-03-17,9.541579295883457
1200,2019-03-18,14.762443438914028
1201,2019-03-19,15.662592429091712
1202,2019-03-20,15.482562631056176
1203,2019-03-21,15.1225030349851
1204,2019-03-22,13.862294448736339
1205,2019-03-23,10.441728286061142
1206,2019-03-24,10.261698488025603
1207,2019-03-25,14.402383842842953
1208,2019-03-26,15.482562631056176
1209,2019-03-27,16.92280101534047
1210,2019-03-28,15.842622227127249
1211,2019-03-29,14.762443438914028
1212,2019-03-30,11.161847478203288
1213,2019-03-31,10.261698488025603
1214,2019-04-01,13.862294448736339
1215,2019-04-02,14.582413640878492
1216,2019-04-03,14.942473236949564
1217,2019-04-04,16.202681823198322
1218,2019-04-05,14.042324246771882
1219,2019-04-06,10.441728286061142
1220,2019-04-07,10.621758084096678
1221,2019-04-08,15.302532833020638
1222,2019-04-09,16.202681823198322
1223,2019-04-10,18.002979803553693
1224,2019-04-11,16.022652025162785
1225,2019-04-12,15.1225030349851
1226,2019-04-13,10.441728286061142
1227,2019-04-14,9.90163889195453
1228,2019-04-15,15.662592429091712
1229,2019-04-16,16.382711621233856
1230,2019-04-17,14.582413640878492
1231,2019-04-18,14.762443438914028
1232,2019-04-19,12.602085862487582
1233,2019-04-20,9.721609093918994
1234,2019-04-21,8.641430305705773
1235,2019-04-22,14.942473236949564
1236,2019-04-23,17.642920207482614
1237,2019-04-24,17.46289040944708
1238,2019-04-25,18.002979803553693
1239,2019-04-26,17.46289040944708
1240,2019-04-27,12.602085862487582
1241,2019-04-28,11.521907074274361
1242,2019-04-29,16.382711621233856
1243,2019-04-30,17.10283081337601
1244,2019-05-01,14.582413640878492
1245,2019-05-02,16.92280101534047
1246,2019-05-03,16.742771217304934
1247,2019-05-04,17.10283081337601
1248,2019-05-05,11.161847478203288
1249,2019-05-06,15.842622227127249
1250,2019-05-07,16.202681823198322
1251,2019-05-08,16.92280101534047
1252,2019-05-09,15.842622227127249
1253,2019-05-10,14.042324246771882
1254,2019-05-11,11.521907074274361
1255,2019-05-12,10.081668689990067
1256,2019-05-13,14.762443438914028
1257,2019-05-14,16.382711621233856
1258,2019-05-15,16.202681823198322
1259,2019-05-16,15.482562631056176
1260,2019-05-17,15.1225030349851
1261,2019-05-18,10.621758084096678
1262,2019-05-19,9.721609093918994
1263,2019-05-20,13.862294448736339
1264,2019-05-21,15.302532833020638
1265,2019-05-22,16.202681823198322
1266,2019-05-23,14.762443438914028
1267,2019-05-24,13.502234852665271
1268,2019-05-25,10.621758084096678
1269,2019-05-26,9.001489901776846
1270,2019-05-27,13.502234852665271
1271,2019-05-28,14.942473236949564
1272,2019-05-29,14.942473236949564
1273,2019-05-30,14.942473236949564
1274,2019-05-31,14.582413640878492
1275,2019-06-01,10.801787882132214
1276,2019-06-02,10.081668689990067
1277,2019-06-03,14.942473236949564
1278,2019-06-04,15.482562631056176
1279,2019-06-05,14.942473236949564
1280,2019-06-06,14.762443438914028
1281,2019-06-07,13.744343891402716
1282,2019-06-08,10.01131221719457
1283,2019-06-09,9.671945701357465
1284,2019-06-10,14.25339366515837
1285,2019-06-11,15.950226244343893
1286,2019-06-12,15.441176470588236
1287,2019-06-13,15.950226244343893
1288,2019-06-14,14.93212669683258
1289,2019-06-15,11.199095022624434
1290,2019-06-16,9.16289592760181
1291,2019-06-17,14.423076923076925
1292,2019-06-18,15.10180995475113
1293,2019-06-19,14.762443438914028
1294,2019-06-20,13.23529411764706
1295,2019-06-21,12.386877828054299
1296,2019-06-22,9.671945701357465
1297,2019-06-23,9.502262443438914
1298,2019-06-24,13.065610859728508
1299,2019-06-25,14.592760180995477
1300,2019-06-26,13.404977375565611
1301,2019-06-27,13.404977375565611
1302,2019-06-28,12.55656108597285
1303,2019-06-29,9.671945701357465
1304,2019-06-30,8.653846153846153
1305,2019-07-01,12.386877828054299
1306,2019-07-02,12.386877828054299
1307,2019-07-03,12.895927601809957
1308,2019-07-04,11.199095022624434
1309,2019-07-05,10.350678733031673
1310,2019-07-06,8.653846153846153
1311,2019-07-07,8.31447963800905
1312,2019-07-08,12.55656108597285
1313,2019-07-09,13.065610859728508
1314,2019-07-10,12.895927601809957
1315,2019-07-11,12.386877828054299
1316,2019-07-12,12.895927601809957
1317,2019-07-13,9.841628959276019
1318,2019-07-14,8.653846153846153
1319,2019-07-15,12.55656108597285
1320,2019-07-16,13.744343891402716
1321,2019-07-17,13.404977375565611
1322,2019-07-18,12.726244343891402
1323,2019-07-19,12.047511312217194
1324,2019-07-20,10.520361990950228
1325,2019-07-21,8.823529411764707
1326,2019-07-22,14.423076923076925
1327,2019-07-23,13.744343891402716
1328,2019-07-24,14.25339366515837
1329,2019-07-25,13.404977375565611
1330,2019-07-26,13.065610859728508
1331,2019-07-27,10.350678733031673
1332,2019-07-28,8.484162895927602
1333,2019-07-29,13.574660633484163
1334,2019-07-30,13.744343891402716
1335,2019-07-31,13.574660633484163
1336,2019-08-01,12.895927601809957
1337,2019-08-02,11.538461538461537
1338,2019-08-03,10.01131221719457
1339,2019-08-04,8.31447963800905
1340,2019-08-05,13.574660633484163
1341,2019-08-06,13.574660633484163
1342,2019-08-07,14.25339366515837
1343,2019-08-08,13.574660633484163
1344,2019-08-09,13.574660633484163
1345,2019-08-10,10.180995475113123
1346,2019-08-11,7.975113122171947
1347,2019-08-12,13.404977375565611
1348,2019-08-13,15.10180995475113
1349,2019-08-14,14.423076923076925
1350,2019-08-15,13.404977375565611
1351,2019-08-16,13.065610859728508
1352,2019-08-17,10.01131221719457
1353,2019-08-18,8.993212669683258
1354,2019-08-19,14.762443438914028
1355,2019-08-20,14.083710407239819
1356,2019-08-21,15.10180995475113
1357,2019-08-22,15.10180995475113
1358,2019-08-23,13.065610859728508
1359,2019-08-24,10.180995475113123
1360,2019-08-25,8.823529411764707
1361,2019-08-26,13.914027149321267
1362,2019-08-27,14.423076923076925
1363,2019-08-28,15.271493212669684
1364,2019-08-29,15.610859728506785
1365,2019-08-30,14.93212669683258
1366,2019-08-31,11.368778280542987
1367,2019-09-01,9.841628959276019
1368,2019-09-02,13.065610859728508
1369,2019-09-03,15.610859728506785
1370,2019-09-04,15.950226244343893
1371,2019-09-05,14.762443438914028
1372,2019-09-06,13.744343891402716
1373,2019-09-07,9.841628959276019
1374,2019-09-08,10.01131221719457
1375,2019-09-09,13.914027149321267
1376,2019-09-10,14.762443438914028
1377,2019-09-11,15.271493212669684
1378,2019-09-12,14.083710407239819
1379,2019-09-13,15.610859728506785
1380,2019-09-14,10.690045248868778
1381,2019-09-15,9.671945701357465
1382,2019-09-16,13.744343891402716
1383,2019-09-17,14.592760180995477
1384,2019-09-18,15.271493212669684
1385,2019-09-19,15.610859728506785
1386,2019-09-20,14.083710407239819
1387,2019-09-21,10.85972850678733
1388,2019-09-22,8.823529411764707
1389,2019-09-23,14.423076923076925
1390,2019-09-24,15.950226244343893
1391,2019-09-25,15.780542986425338
1392,2019-09-26,15.10180995475113
1393,2019-09-27,14.25339366515837
1394,2019-09-28,11.368778280542987
1395,2019-09-29,10.180995475113123
1396,2019-09-30,15.780542986425338
1397,2019-10-01,15.780542986425338
1398,2019-10-02,14.762443438914028
1399,2019-10-03,15.780542986425338
1400,2019-10-04,13.744343891402716
1401,2019-10-05,11.199095022624434
1402,2019-10-06,9.502262443438914
1403,2019-10-07,15.271493212669684
1404,2019-10-08,16.968325791855204
1405,2019-10-09,16.459276018099544
1406,2019-10-10,15.610859728506785
1407,2019-10-11,13.744343891402716
1408,2019-10-12,10.85972850678733
1409,2019-10-13,9.841628959276019
1410,2019-10-14,15.610859728506785
1411,2019-10-15,16.968325791855204
1412,2019-10-16,16.459276018099544
1413,2019-10-17,15.271493212669684
1414,2019-10-18,15.441176470588236
1415,2019-10-19,14.423076923076925
1416,2019-10-20,10.85972850678733
1417,2019-10-21,15.441176470588236
1418,2019-10-22,16.289592760180994
1419,2019-10-23,15.441176470588236
1420,2019-10-24,16.289592760180994
1421,2019-10-25,15.441176470588236
1422,2019-10-26,11.368778280542987
1423,2019-10-27,9.16289592760181
1424,2019-10-28,14.25339366515837
1425,2019-10-29,16.798642533936654
1426,2019-10-30,15.610859728506785
1427,2019-10-31,14.25339366515837
1428,2019-11-01,13.065610859728508
1429,2019-11-02,10.85972850678733
1430,2019-11-03,10.180995475113123
1431,2019-11-04,15.780542986425338
1432,2019-11-05,16.798642533936654
1433,2019-11-06,16.119909502262445
1434,2019-11-07,15.950226244343893
1435,2019-11-08,14.762443438914028
1436,2019-11-09,10.520361990950228
1437,2019-11-10,10.01131221719457
1438,2019-11-11,14.423076923076925
1439,2019-11-12,15.610859728506785
1440,2019-11-13,16.6289592760181
1441,2019-11-14,14.93212669683258
1442,2019-11-15,14.083710407239819
1443,2019-11-16,11.708144796380092
1444,2019-11-17,10.180995475113123
1445,2019-11-18,15.780542986425338
1446,2019-11-19,16.968325791855204
1447,2019-11-20,16.6289592760181
1448,2019-11-21,15.441176470588236
1449,2019-11-22,13.914027149321267
1450,2019-11-23,10.85972850678733
1451,2019-11-24,10.520361990950228
1452,2019-11-25,14.762443438914028
1453,2019-11-26,14.592760180995477
1454,2019-11-27,14.423076923076925
1455,2019-11-28,13.23529411764706
1456,2019-11-29,12.386877828054299
1457,2019-11-30,11.538461538461537
1458,2019-12-01,9.841628959276019
1459,2019-12-02,13.914027149321267
1460,2019-12-03,14.592760180995477
1461,2019-12-04,15.10180995475113
1462,2019-12-05,13.744343891402716
1463,2019-12-06,13.23529411764706
1464,2019-12-07,10.294117647058824
1465,2019-12-08,9.558823529411764
1466,2019-12-09,13.970588235294118
1467,2019-12-10,13.970588235294118
1468,2019-12-11,14.705882352941178
1469,2019-12-12,13.23529411764706
1470,2019-12-13,13.23529411764706
1471,2019-12-14,9.558823529411764
1472,2019-12-15,8.823529411764707
1473,2019-12-16,13.970588235294118
1474,2019-12-17,13.970588235294118
1475,2019-12-18,12.5
1476,2019-12-19,12.5
1477,2019-12-20,11.764705882352942
1478,2019-12-21,8.823529411764707
1479,2019-12-22,8.088235294117647
1480,2019-12-23,11.029411764705882
1481,2019-12-24,8.823529411764707
1482,2019-12-25,8.823529411764707
1483,2019-12-26,11.029411764705882
1484,2019-12-27,11.029411764705882
1485,2019-12-28,10.294117647058824
1486,2019-12-29,8.823529411764707
1487,2019-12-30,11.029411764705882
1488,2019-12-31,8.823529411764707
1489,2020-01-01,7.352941176470589
1490,2020-01-02,12.5
1491,2020-01-03,13.23529411764706
1492,2020-01-04,13.23529411764706
1493,2020-01-05,10.294117647058824
1494,2020-01-06,14.705882352941178
1495,2020-01-07,15.441176470588236
1496,2020-01-08,15.441176470588236
1497,2020-01-09,15.441176470588236
1498,2020-01-10,14.705882352941178
1499,2020-01-11,11.029411764705882
1500,2020-01-12,10.294117647058824
1501,2020-01-13,16.176470588235293
1502,2020-01-14,16.91176470588235
1503,2020-01-15,16.176470588235293
1504,2020-01-16,14.705882352941178
1505,2020-01-17,13.970588235294118
1506,2020-01-18,11.029411764705882
1507,2020-01-19,11.029411764705882
1508,2020-01-20,13.970588235294118
1509,2020-01-21,16.176470588235293
1510,2020-01-22,16.176470588235293
1511,2020-01-23,16.176470588235293
1512,2020-01-24,14.705882352941178
1513,2020-01-25,13.23529411764706
1514,2020-01-26,11.764705882352942
1515,2020-01-27,16.91176470588235
1516,2020-01-28,18.38235294117647
1517,2020-01-29,19.11764705882353
1518,2020-01-30,19.11764705882353
1519,2020-01-31,19.11764705882353
1520,2020-02-01,15.441176470588236
1521,2020-02-02,13.23529411764706
1522,2020-02-03,16.91176470588235
1523,2020-02-04,16.91176470588235
1524,2020-02-05,16.176470588235293
1525,2020-02-06,16.176470588235293
1526,2020-02-07,15.441176470588236
1527,2020-02-08,12.5
1528,2020-02-09,11.029411764705882
1529,2020-02-10,15.441176470588236
1530,2020-02-11,16.176470588235293
1531,2020-02-12,16.176470588235293
1532,2020-02-13,16.91176470588235
1533,2020-02-14,17.647058823529413
1534,2020-02-15,21.323529411764707
1535,2020-02-16,11.764705882352942
1536,2020-02-17,16.176470588235293
1537,2020-02-18,16.176470588235293
1538,2020-02-19,16.176470588235293
1539,2020-02-20,16.176470588235293
1540,2020-02-21,15.441176470588236
1541,2020-02-22,14.705882352941178
1542,2020-02-23,14.705882352941178
1543,2020-02-24,20.58823529411765
1544,2020-02-25,25.735294117647058
1545,2020-02-26,25.0
1546,2020-02-27,25.735294117647058
1547,2020-02-28,25.735294117647058
1548,2020-02-29,20.58823529411765
1549,2020-03-01,18.38235294117647
1550,2020-03-02,25.0
1551,2020-03-03,25.735294117647058
1552,2020-03-04,25.735294117647058
1553,2020-03-05,25.735294117647058
1554,2020-03-06,23.529411764705884
1555,2020-03-07,21.323529411764707
1556,2020-03-08,19.852941176470587
1557,2020-03-09,27.941176470588236
1558,2020-03-10,28.676470588235293
1559,2020-03-11,32.35294117647059
1560,2020-03-12,42.64705882352941
1561,2020-03-13,48.529411764705884
1562,2020-03-14,42.64705882352941
1563,2020-03-15,44.11764705882353
1564,2020-03-16,58.82352941176471
1565,2020-03-17,63.970588235294116
1566,2020-03-18,73.52941176470588
1567,2020-03-19,58.82352941176471
1568,2020-03-20,47.05882352941177
1569,2020-03-21,44.85294117647059
1570,2020-03-22,49.26470588235294
1571,2020-03-23,69.8529411764706
1572,2020-03-24,53.67647058823529
1573,2020-03-25,46.3235294117647
1574,2020-03-26,44.11764705882353
1575,2020-03-27,41.911764705882355
1576,2020-03-28,40.44117647058823
1577,2020-03-29,38.23529411764706
1578,2020-03-30,39.705882352941174
1579,2020-03-31,38.23529411764706
1580,2020-04-01,39.705882352941174
1581,2020-04-02,42.64705882352941
1582,2020-04-03,44.85294117647059
1583,2020-04-04,41.911764705882355
1584,2020-04-05,38.970588235294116
1585,2020-04-06,38.970588235294116
1586,2020-04-07,37.5
1587,2020-04-08,36.029411764705884
1588,2020-04-09,35.294117647058826
1589,2020-04-10,33.088235294117645
1590,2020-04-11,33.8235294117647
1591,2020-04-12,32.35294117647059
1592,2020-04-13,39.705882352941174
1593,2020-04-14,40.44117647058823
1594,2020-04-15,38.23529411764706
1595,2020-04-16,39.705882352941174
1596,2020-04-17,36.76470588235294
1597,2020-04-18,31.61764705882353
1598,2020-04-19,31.61764705882353
1599,2020-04-20,33.8235294117647
1600,2020-04-21,35.294117647058826
1601,2020-04-22,42.64705882352941
1602,2020-04-23,40.44117647058823
1603,2020-04-24,38.23529411764706
1604,2020-04-25,35.294117647058826
1605,2020-04-26,33.8235294117647
1606,2020-04-27,33.8235294117647
1607,2020-04-28,35.294117647058826
1608,2020-04-29,36.029411764705884
1609,2020-04-30,34.55882352941177
1610,2020-05-01,30.88235294117647
1611,2020-05-02,30.147058823529417
1612,2020-05-03,30.147058823529417
1613,2020-05-04,33.8235294117647
1614,2020-05-05,37.5
1615,2020-05-06,44.85294117647059
1616,2020-05-07,40.44117647058823
1617,2020-05-08,34.55882352941177
1618,2020-05-09,31.61764705882353
1619,2020-05-10,28.676470588235293
1620,2020-05-11,33.8235294117647
1621,2020-05-12,34.55882352941177
1622,2020-05-13,33.8235294117647
1623,2020-05-14,36.029411764705884
1624,2020-05-15,36.029411764705884
1625,2020-05-16,31.61764705882353
1626,2020-05-17,36.029411764705884
1627,2020-05-18,49.26470588235294
1628,2020-05-19,45.588235294117645
1629,2020-05-20,35.294117647058826
1630,2020-05-21,33.088235294117645
1631,2020-05-22,32.35294117647059
1632,2020-05-23,28.676470588235293
1633,2020-05-24,27.941176470588236
1634,2020-05-25,29.411764705882355
1635,2020-05-26,29.411764705882355
1636,2020-05-27,28.676470588235293
1637,2020-05-28,27.941176470588236
1638,2020-05-29,25.735294117647058
1639,2020-05-30,23.529411764705884
1640,2020-05-31,23.529411764705884
1641,2020-06-01,25.0
1642,2020-06-02,25.0
1643,2020-06-03,26.47058823529412
1644,2020-06-04,26.47058823529412
1645,2020-06-05,25.0
1646,2020-06-06,25.0
1647,2020-06-07,25.0
1648,2020-06-08,28.000000000000004
1649,2020-06-09,27.0
1650,2020-06-10,26.0
1651,2020-06-11,27.0
1652,2020-06-12,27.0
1653,2020-06-13,27.0
1654,2020-06-14,27.0
1655,2020-06-15,28.999999999999996
1656,2020-06-16,30.0
1657,2020-06-17,30.0
1658,2020-06-18,26.0
1659,2020-06-19,25.0
1660,2020-06-20,26.0
1661,2020-06-21,25.0
1662,2020-06-22,28.999999999999996
1663,2020-06-23,31.0
1664,2020-06-24,28.999999999999996
1665,2020-06-25,28.999999999999996
1666,2020-06-26,28.000000000000004
1667,2020-06-27,26.0
1668,2020-06-28,26.0
1669,2020-06-29,31.0
1670,2020-06-30,33.0
1671,2020-07-01,32.0
1672,2020-07-02,32.0
1673,2020-07-03,34.0
1674,2020-07-04,28.000000000000004
1675,2020-07-05,28.999999999999996
1676,2020-07-06,31.0
1677,2020-07-07,31.0
1678,2020-07-08,31.0
1679,2020-07-09,28.999999999999996
1680,2020-07-10,28.999999999999996
1681,2020-07-11,28.000000000000004
1682,2020-07-12,37.0
1683,2020-07-13,49.0
1684,2020-07-14,45.0
1685,2020-07-15,48.0
1686,2020-07-16,43.0
1687,2020-07-17,38.0
1688,2020-07-18,34.0
1689,2020-07-19,32.0
1690,2020-07-20,56.00000000000001
1691,2020-07-21,53.0
1692,2020-07-22,44.0
1693,2020-07-23,38.0
1694,2020-07-24,34.0
1695,2020-07-25,31.0
1696,2020-07-26,30.0
1697,2020-07-27,38.0
1698,2020-07-28,37.0
1699,2020-07-29,38.0
1700,2020-07-30,34.0
1701,2020-07-31,35.0
1702,2020-08-01,34.0
1703,2020-08-02,35.0
1704,2020-08-03,38.0
1705,2020-08-04,36.0
1706,2020-08-05,33.0
1707,2020-08-06,34.0
1708,2020-08-07,35.0
1709,2020-08-08,34.0
1710,2020-08-09,35.0
1711,2020-08-10,37.0
1712,2020-08-11,90.0
1713,2020-08-12,65.0
1714,2020-08-13,49.0
1715,2020-08-14,41.0
1716,2020-08-15,36.0
1717,2020-08-16,34.0
1718,2020-08-17,37.0
1719,2020-08-18,37.0
1720,2020-08-19,39.0
1721,2020-08-20,37.0
1722,2020-08-21,34.0
1723,2020-08-22,28.999999999999996
1724,2020-08-23,31.0
1725,2020-08-24,34.0
1726,2020-08-25,33.0
1727,2020-08-26,34.0
1728,2020-08-27,33.0
1729,2020-08-28,32.0
1730,2020-08-29,26.0
1731,2020-08-30,27.0
1732,2020-08-31,31.0
1733,2020-09-01,31.0
1734,2020-09-02,34.0
1735,2020-09-03,38.0
1736,2020-09-04,36.0
1737,2020-09-05,30.0
1738,2020-09-06,30.0
1739,2020-09-07,34.0
1740,2020-09-08,38.0
1741,2020-09-09,49.0
1742,2020-09-10,38.0
1743,2020-09-11,34.0
1744,2020-09-12,30.0
1745,2020-09-13,28.000000000000004
1746,2020-09-14,34.0
1747,2020-09-15,34.0
1748,2020-09-16,38.0
1749,2020-09-17,36.0
1750,2020-09-18,36.0
1751,2020-09-19,27.0
1752,2020-09-20,27.0
1753,2020-09-21,37.0
1754,2020-09-22,38.0
1755,2020-09-23,36.0
1756,2020-09-24,34.0
1757,2020-09-25,35.0
1758,2020-09-26,28.000000000000004
1759,2020-09-27,28.000000000000004
1760,2020-09-28,33.0
1761,2020-09-29,36.0
1762,2020-09-30,36.0
1763,2020-10-01,33.0
1764,2020-10-02,34.0
1765,2020-10-03,28.000000000000004
1766,2020-10-04,27.0
1767,2020-10-05,35.0
1768,2020-10-06,38.0
1769,2020-10-07,37.0
1770,2020-10-08,37.0
1771,2020-10-09,35.0
1772,2020-10-10,28.000000000000004
1773,2020-10-11,28.999999999999996
1774,2020-10-12,36.0
1775,2020-10-13,41.0
1776,2020-10-14,38.0
1777,2020-10-15,39.0
1778,2020-10-16,37.0
1779,2020-10-17,40.0
1780,2020-10-18,32.0
1781,2020-10-19,39.0
1782,2020-10-20,38.0
1783,2020-10-21,45.0
1784,2020-10-22,45.0
1785,2020-10-23,42.0
1786,2020-10-24,35.0
1787,2020-10-25,31.0
1788,2020-10-26,40.0
1789,2020-10-27,41.0
1790,2020-10-28,39.0
1791,2020-10-29,36.0
1792,2020-10-30,34.0
1793,2020-10-31,30.0
1794,2020-11-01,28.000000000000004
1795,2020-11-02,34.0
1796,2020-11-03,34.0
1797,2020-11-04,27.0
1798,2020-11-05,31.0
1799,2020-11-06,31.0
1800,2020-11-07,30.0
1801,2020-11-08,28.999999999999996
1802,2020-11-09,100.0
1803,2020-11-10,81.0
1804,2020-11-11,62.0
1805,2020-11-12,51.0
1806,2020-11-13,50.0
1807,2020-11-14,42.0
1808,2020-11-15,40.0
1809,2020-11-16,66.0
1810,2020-11-17,55.00000000000001
1811,2020-11-18,55.00000000000001
1812,2020-11-19,53.0
1813,2020-11-20,50.0
1814,2020-11-21,42.0
1815,2020-11-22,40.0
1816,2020-11-23,57.99999999999999
1817,2020-11-24,53.0
1818,2020-11-25,46.0
1819,2020-11-26,43.0
1820,2020-11-27,40.0
1821,2020-11-28,39.0
1822,2020-11-29,40.0
1823,2020-11-30,49.0
1824,2020-12-01,52.0
1825,2020-12-02,78.0
1826,2020-12-03,71.0
1827,2020-12-04,65.0
