,date,vaccine_world,vaccine_US,unemployment_world,unemployment_US,trump_world,trump_US,lockdown_world,lockdown_US,loan_world,loan_US,italy_world,italy_US,election_world,election_US,covid_world,covid_US,china_world,china_US
0,2020-01-01,0.0,0.0,6.000000000000001,2.0,3.91304347826087,6.8354430379746836,0.5,0.5000000000000001,52.0,26.0,15.0,17.0,0.20588235294117643,0.18181818181818182,0.47777777777777786,0.5,27.0,28.999999999999996
1,2020-01-02,0.0,0.0,10.0,4.0,3.5217391304347827,6.075949367088608,0.5,0.5000000000000001,74.0,45.0,15.0,16.0,0.2647058823529412,0.36363636363636365,0.47777777777777786,0.5,26.0,25.0
2,2020-01-03,0.38461538461538464,0.0,9.0,4.0,12.521739130434783,16.70886075949367,0.5,0.5000000000000001,72.00000000000001,47.0,14.000000000000002,15.000000000000002,0.41176470588235287,0.36363636363636365,0.47777777777777786,0.5,27.0,28.000000000000004
3,2020-01-04,0.0,0.0,6.000000000000001,2.0,10.369565217391305,15.18987341772152,0.5,0.5000000000000001,63.0,37.0,15.0,17.0,0.29411764705882354,0.3181818181818182,0.47777777777777786,0.5,27.0,28.000000000000004
4,2020-01-05,0.0,0.0,8.0,5.0,10.369565217391305,14.430379746835442,0.5,0.5000000000000001,61.00000000000001,33.0,16.0,18.0,0.41176470588235287,0.36363636363636365,0.47777777777777786,0.5,27.0,27.0
5,2020-01-06,0.0,0.0,12.000000000000002,6.000000000000001,10.565217391304348,14.810126582278482,0.5,0.5000000000000001,76.00000000000001,45.0,18.0,16.0,0.38235294117647056,0.4090909090909091,0.47777777777777786,0.5,27.0,26.0
6,2020-01-07,0.0,0.0,11.0,5.0,8.217391304347826,12.151898734177216,0.5,0.5000000000000001,75.0,45.0,21.0,16.0,0.29411764705882354,0.3181818181818182,0.47777777777777786,0.5,27.0,27.0
7,2020-01-08,0.0,0.0,11.0,4.0,19.565217391304348,26.582278481012654,0.5,0.5000000000000001,73.0,42.0,16.0,16.0,0.41176470588235287,0.2727272727272727,0.47777777777777786,0.5,28.000000000000004,28.000000000000004
8,2020-01-09,0.0,0.0,10.0,4.0,7.82608695652174,11.012658227848101,0.5,1.0000000000000002,75.0,43.00000000000001,16.0,17.0,0.35294117647058826,0.2727272727272727,0.47777777777777786,0.5,27.0,28.000000000000004
9,2020-01-10,0.0,0.0,10.0,4.0,5.869565217391305,9.49367088607595,1.0,1.0000000000000002,74.0,46.0,15.0,16.0,0.3235294117647059,0.2727272727272727,0.47777777777777786,0.5,26.0,27.0
10,2020-01-11,0.0,0.0,6.000000000000001,2.0,4.695652173913044,7.59493670886076,0.5,0.5000000000000001,60.00000000000001,33.0,16.0,17.0,0.2647058823529412,0.3181818181818182,0.47777777777777786,0.5,25.0,24.0
11,2020-01-12,0.0,0.0,8.0,4.0,4.304347826086956,7.215189873417721,0.5,0.5000000000000001,55.99999999999999,29.000000000000004,17.0,18.0,0.2352941176470588,0.22727272727272727,0.47777777777777786,0.5,26.0,25.0
12,2020-01-13,0.0,0.0,12.000000000000002,6.000000000000001,4.108695652173913,7.215189873417721,0.5,0.5000000000000001,72.00000000000001,43.00000000000001,15.0,17.0,0.2352941176470588,0.36363636363636365,0.47777777777777786,0.5,26.0,25.0
13,2020-01-14,0.0,0.0,11.0,5.0,4.891304347826087,9.49367088607595,0.5,0.5000000000000001,74.0,43.00000000000001,15.0,16.0,0.29411764705882354,0.4090909090909091,0.47777777777777786,0.0,27.0,27.0
14,2020-01-15,0.0,0.0,10.0,4.0,5.282608695652174,9.873417721518987,0.5,1.0000000000000002,73.0,44.0,15.0,17.0,0.38235294117647056,0.5454545454545454,0.47777777777777786,0.5,29.000000000000004,32.0
15,2020-01-16,0.38461538461538464,0.3055555555555556,10.0,4.0,5.478260869565218,9.873417721518987,0.5,0.5000000000000001,71.00000000000001,47.0,15.0,17.0,0.29411764705882354,0.45454545454545453,0.47777777777777786,0.5,28.000000000000004,28.999999999999996
16,2020-01-17,0.38461538461538464,0.0,10.0,4.0,5.282608695652174,9.873417721518987,0.5,1.0000000000000002,72.00000000000001,42.0,15.0,17.0,0.2352941176470588,0.2727272727272727,0.47777777777777786,0.5,27.0,30.0
17,2020-01-18,0.38461538461538464,0.0,6.000000000000001,2.0,4.304347826086956,7.974683544303797,0.5,0.5000000000000001,63.0,36.0,16.0,18.0,0.2352941176470588,0.2727272727272727,0.47777777777777786,0.5,28.000000000000004,32.0
18,2020-01-19,0.38461538461538464,0.0,8.0,4.0,3.7173913043478257,7.215189873417721,0.5,0.5000000000000001,55.00000000000001,30.0,17.0,19.0,0.2647058823529412,0.3181818181818182,0.47777777777777786,0.5,28.000000000000004,30.0
19,2020-01-20,0.38461538461538464,0.3055555555555556,12.000000000000002,5.0,3.7173913043478257,7.215189873417721,0.5,0.5000000000000001,71.00000000000001,38.0,16.0,17.0,0.29411764705882354,0.3181818181818182,0.9555555555555557,0.5,32.0,31.0
20,2020-01-21,0.7692307692307693,0.6111111111111112,15.000000000000002,6.000000000000001,5.478260869565218,9.113924050632912,0.5,0.5000000000000001,72.00000000000001,42.0,15.0,18.0,0.2647058823529412,0.3181818181818182,0.9555555555555557,0.5,39.0,46.0
21,2020-01-22,0.7692307692307693,0.6111111111111112,11.0,5.0,5.673913043478261,10.253164556962025,0.5,1.0000000000000002,73.0,41.0,15.0,17.0,0.2647058823529412,0.4090909090909091,1.9111111111111114,1.0,45.0,51.0
22,2020-01-23,0.7692307692307693,1.2222222222222223,11.0,4.0,5.282608695652174,10.632911392405063,1.0,1.0000000000000002,70.0,43.00000000000001,14.000000000000002,17.0,0.20588235294117643,0.3181818181818182,1.9111111111111114,1.0,52.0,59.0
23,2020-01-24,1.5384615384615385,2.4444444444444446,10.0,4.0,5.282608695652174,10.253164556962025,1.0,1.0000000000000002,69.0,45.0,14.000000000000002,16.0,0.2647058823529412,0.3181818181818182,2.8666666666666667,1.0,62.0,75.0
24,2020-01-25,2.3076923076923075,2.4444444444444446,6.000000000000001,2.0,5.282608695652174,10.632911392405063,1.0,1.0000000000000002,62.0,37.0,15.0,17.0,0.29411764705882354,0.4090909090909091,3.822222222222223,1.0,65.0,74.0
25,2020-01-26,2.3076923076923075,2.4444444444444446,8.0,4.0,4.695652173913044,9.113924050632912,1.0,0.5000000000000001,54.0,29.000000000000004,17.0,18.0,0.2352941176470588,0.3181818181818182,3.822222222222223,1.0,63.0,66.0
26,2020-01-27,3.8461538461538463,3.6666666666666665,11.0,6.000000000000001,5.282608695652174,9.873417721518987,1.0,1.0000000000000002,73.0,41.0,16.0,17.0,0.20588235294117643,0.2727272727272727,3.822222222222223,1.0,62.0,64.0
27,2020-01-28,3.8461538461538463,3.6666666666666665,11.0,4.0,6.065217391304348,11.39240506329114,1.0,1.0000000000000002,71.00000000000001,42.0,16.0,18.0,0.2352941176470588,0.3181818181818182,3.822222222222223,2.0,65.0,65.0
28,2020-01-29,3.8461538461538463,3.6666666666666665,10.0,4.0,5.673913043478261,11.012658227848101,1.0,1.0000000000000002,70.0,41.0,15.0,17.0,0.2352941176470588,0.3181818181818182,3.822222222222223,1.0,64.0,63.0
29,2020-01-30,5.384615384615385,3.6666666666666665,10.0,4.0,5.282608695652174,10.253164556962025,1.0,1.0000000000000002,69.0,40.0,17.0,19.0,0.2352941176470588,0.36363636363636365,3.822222222222223,1.0,65.0,62.0
30,2020-01-31,4.615384615384615,3.0555555555555554,10.0,4.0,6.260869565217392,12.531645569620252,1.0,1.0000000000000002,68.0,43.00000000000001,17.0,17.0,0.35294117647058826,0.4090909090909091,3.822222222222223,1.0,64.0,62.0
31,2020-02-01,3.076923076923077,2.4444444444444446,6.000000000000001,2.0,5.869565217391305,12.151898734177216,0.5,1.0000000000000002,62.0,37.0,17.0,18.0,0.3235294117647059,0.4090909090909091,2.8666666666666667,1.0,57.00000000000001,56.00000000000001
32,2020-02-02,3.8461538461538463,3.0555555555555554,8.0,4.0,4.891304347826087,10.632911392405063,0.5,0.5000000000000001,55.99999999999999,32.0,17.0,18.0,0.2647058823529412,0.36363636363636365,2.8666666666666667,1.0,54.0,53.0
33,2020-02-03,3.076923076923077,1.8333333333333333,12.000000000000002,5.0,7.434782608695651,16.329113924050635,1.0,1.0000000000000002,72.00000000000001,39.0,15.0,16.0,0.5,0.5,2.8666666666666667,1.0,55.00000000000001,48.0
34,2020-02-04,2.3076923076923075,1.8333333333333333,11.0,4.0,6.260869565217392,12.91139240506329,1.0,1.0000000000000002,72.00000000000001,41.0,15.0,16.0,0.5588235294117647,0.7727272727272727,2.8666666666666667,1.0,50.0,50.0
35,2020-02-05,2.3076923076923075,2.4444444444444446,11.0,5.0,14.478260869565219,32.278481012658226,1.0,1.0000000000000002,70.0,40.0,15.0,16.0,0.7647058823529411,0.9090909090909091,2.8666666666666667,1.0,45.0,43.0
36,2020-02-06,2.3076923076923075,1.8333333333333333,10.0,4.0,10.369565217391305,21.645569620253166,1.0,1.0000000000000002,73.0,39.0,15.0,16.0,0.5588235294117647,0.7727272727272727,2.8666666666666667,1.0,46.00000000000001,46.0
37,2020-02-07,2.3076923076923075,1.8333333333333333,10.0,4.0,6.260869565217392,12.531645569620252,1.0,1.0000000000000002,66.0,40.0,15.0,17.0,0.41176470588235287,0.6363636363636364,2.8666666666666667,1.0,47.0,48.0
38,2020-02-08,2.3076923076923075,1.8333333333333333,6.000000000000001,2.0,5.478260869565218,11.772151898734178,1.0,0.5000000000000001,63.0,40.0,15.0,18.0,0.5882352941176471,0.45454545454545453,1.9111111111111114,1.0,44.0,44.0
39,2020-02-09,2.3076923076923075,1.8333333333333333,8.0,5.0,4.891304347826087,10.253164556962025,1.0,0.5000000000000001,55.00000000000001,31.0,18.0,19.0,1.2058823529411764,0.4090909090909091,1.9111111111111114,1.0,41.0,44.0
40,2020-02-10,2.3076923076923075,1.2222222222222223,13.0,6.000000000000001,4.5,9.49367088607595,1.0,1.0000000000000002,70.0,40.0,15.0,17.0,0.9117647058823529,0.5,1.9111111111111114,1.0,42.00000000000001,43.0
41,2020-02-11,2.3076923076923075,1.2222222222222223,17.0,4.0,4.891304347826087,10.253164556962025,1.0,1.0000000000000002,75.0,46.0,15.0,17.0,0.8529411764705883,0.7272727272727273,1.9111111111111114,1.0,41.0,44.0
42,2020-02-12,1.5384615384615385,1.8333333333333333,11.0,3.0000000000000004,5.086956521739131,10.253164556962025,0.5,1.0000000000000002,72.00000000000001,42.0,15.0,17.0,0.8235294117647057,0.9545454545454546,2.8666666666666667,1.0,41.0,42.0
43,2020-02-13,3.076923076923077,4.277777777777778,12.000000000000002,4.0,4.5,9.113924050632912,1.0,1.0000000000000002,68.0,40.0,15.0,17.0,0.4411764705882353,0.5,2.8666666666666667,1.0,43.00000000000001,43.0
44,2020-02-14,3.076923076923077,4.888888888888889,11.0,3.0000000000000004,4.5,9.113924050632912,1.0,1.0000000000000002,63.0,38.0,15.0,18.0,0.29411764705882354,0.45454545454545453,2.8666666666666667,1.0,39.0,41.0
45,2020-02-15,1.5384615384615385,3.0555555555555554,7.000000000000001,2.0,3.91304347826087,8.354430379746836,0.5,0.5000000000000001,60.00000000000001,39.0,16.0,19.0,0.20588235294117643,0.3181818181818182,2.8666666666666667,1.0,37.0,39.0
46,2020-02-16,1.5384615384615385,2.4444444444444446,8.0,4.0,4.695652173913044,10.632911392405063,0.5,0.5000000000000001,60.00000000000001,35.0,17.0,19.0,0.29411764705882354,0.36363636363636365,2.8666666666666667,1.0,36.00000000000001,37.0
47,2020-02-17,1.5384615384615385,2.4444444444444446,12.000000000000002,5.0,4.304347826086956,9.113924050632912,0.5,0.5000000000000001,71.00000000000001,39.0,15.0,17.0,0.35294117647058826,0.5454545454545454,2.8666666666666667,1.0,36.00000000000001,36.0
48,2020-02-18,1.5384615384615385,2.4444444444444446,12.000000000000002,4.0,4.5,9.113924050632912,0.5,0.5000000000000001,77.0,41.0,15.0,17.0,0.35294117647058826,0.6363636363636364,2.8666666666666667,1.0,35.0,36.0
49,2020-02-19,1.5384615384615385,1.8333333333333333,12.000000000000002,4.0,4.891304347826087,10.253164556962025,0.5,0.5000000000000001,72.00000000000001,41.0,15.0,17.0,0.38235294117647056,0.6818181818181818,2.8666666666666667,1.0,34.0,36.0
50,2020-02-20,1.5384615384615385,1.8333333333333333,12.000000000000002,3.0000000000000004,5.478260869565218,11.39240506329114,1.0,1.0000000000000002,70.0,40.0,15.0,17.0,0.41176470588235287,0.7727272727272727,2.8666666666666667,1.0,32.0,33.0
51,2020-02-21,2.3076923076923075,2.4444444444444446,10.0,3.0000000000000004,5.282608695652174,10.632911392405063,0.5,0.5000000000000001,69.0,45.0,20.0,18.0,0.4411764705882353,0.6818181818181818,3.822222222222223,1.0,33.0,34.0
52,2020-02-22,2.3076923076923075,3.0555555555555554,6.000000000000001,2.0,4.304347826086956,7.974683544303797,0.5,1.0000000000000002,59.0,38.0,28.999999999999996,21.000000000000004,0.4411764705882353,0.6818181818181818,3.822222222222223,1.0,31.0,33.0
53,2020-02-23,3.8461538461538463,3.0555555555555554,8.0,4.0,4.891304347826087,8.734177215189874,1.0,1.0000000000000002,55.99999999999999,32.0,45.0,28.999999999999996,0.6176470588235294,1.0,4.777777777777778,1.0,32.0,33.0
54,2020-02-24,6.153846153846154,6.111111111111111,11.0,5.0,8.804347826086957,8.354430379746836,1.0,1.0000000000000002,69.0,41.0,49.0,39.0,0.5,0.6363636363636364,5.733333333333333,2.0,37.0,37.0
55,2020-02-25,10.76923076923077,10.38888888888889,9.0,4.0,6.6521739130434785,8.734177215189874,2.0,1.0000000000000002,72.00000000000001,43.00000000000001,46.0,37.00000000000001,0.38235294117647056,0.6363636363636364,6.688888888888888,3.0,39.0,40.0
56,2020-02-26,12.307692307692308,11.61111111111111,10.0,3.0000000000000004,5.478260869565218,9.49367088607595,1.0,1.0000000000000002,71.00000000000001,40.0,37.0,35.0,0.5,0.7272727272727273,7.644444444444446,4.0,41.0,44.0
57,2020-02-27,12.307692307692308,15.277777777777779,9.0,3.0000000000000004,4.891304347826087,9.49367088607595,1.0,1.0000000000000002,67.0,39.0,30.0,30.000000000000004,0.3235294117647059,0.5,7.644444444444446,5.0,42.00000000000001,48.0
58,2020-02-28,14.615384615384617,15.277777777777779,9.0,3.0000000000000004,4.5,9.113924050632912,1.0,1.0000000000000002,68.0,41.0,28.000000000000004,28.000000000000004,0.4705882352941176,0.6818181818181818,7.644444444444446,5.0,43.00000000000001,48.0
59,2020-02-29,12.307692307692308,14.055555555555554,6.000000000000001,2.0,4.891304347826087,10.253164556962025,1.0,1.0000000000000002,63.0,37.0,27.0,33.0,0.35294117647058826,0.6363636363636364,7.644444444444446,6.0,39.0,48.0
60,2020-03-01,10.0,12.222222222222221,8.0,4.0,4.108695652173913,8.734177215189874,1.0,1.0000000000000002,60.00000000000001,33.0,27.0,31.0,0.5882352941176471,0.8181818181818182,7.644444444444446,5.0,38.00000000000001,46.0
61,2020-03-02,13.846153846153847,17.11111111111111,12.000000000000002,5.0,4.304347826086956,8.734177215189874,1.0,1.0000000000000002,76.00000000000001,43.00000000000001,27.0,28.999999999999996,0.6764705882352942,1.0454545454545454,9.555555555555555,8.0,40.00000000000001,46.0
62,2020-03-03,11.538461538461538,14.055555555555554,11.0,4.0,4.695652173913044,9.49367088607595,1.0,1.0000000000000002,76.00000000000001,46.0,25.0,25.0,1.2647058823529411,1.9090909090909092,9.555555555555555,8.0,39.0,44.0
63,2020-03-04,11.538461538461538,11.61111111111111,10.0,3.0000000000000004,6.065217391304348,12.151898734177216,1.0,1.0000000000000002,73.0,42.0,32.0,26.0,2.9411764705882355,4.545454545454546,10.511111111111111,8.0,38.00000000000001,42.0
64,2020-03-05,11.538461538461538,12.833333333333332,11.0,3.0000000000000004,4.695652173913044,9.873417721518987,1.0,1.0000000000000002,70.0,44.0,28.999999999999996,26.0,1.1470588235294117,1.4090909090909092,11.466666666666667,11.0,39.0,44.0
65,2020-03-06,12.307692307692308,12.833333333333332,10.0,3.0000000000000004,4.695652173913044,9.873417721518987,1.0,1.0000000000000002,72.00000000000001,45.0,28.000000000000004,26.0,0.7352941176470589,0.9545454545454546,13.377777777777776,12.0,38.00000000000001,44.0
66,2020-03-07,10.0,11.61111111111111,7.000000000000001,2.0,4.108695652173913,8.734177215189874,1.0,1.0000000000000002,62.0,37.0,30.0,30.000000000000004,0.4411764705882353,0.5909090909090909,12.422222222222222,12.0,40.00000000000001,46.0
67,2020-03-08,12.307692307692308,13.444444444444445,8.0,4.0,4.108695652173913,7.974683544303797,3.0000000000000004,2.0000000000000004,59.0,35.0,45.0,40.0,0.38235294117647056,0.5,13.377777777777776,12.0,39.0,44.0
68,2020-03-09,16.153846153846153,17.11111111111111,14.000000000000002,5.0,5.282608695652174,10.632911392405063,6.000000000000001,3.0000000000000004,73.0,43.00000000000001,52.0,51.0,0.41176470588235287,0.5909090909090909,19.11111111111111,17.0,42.00000000000001,47.0
69,2020-03-10,17.692307692307693,17.72222222222222,12.000000000000002,4.0,5.673913043478261,11.012658227848101,8.0,5.0,69.0,42.0,56.99999999999999,57.99999999999999,0.5294117647058824,0.7272727272727273,21.022222222222222,22.0,45.0,50.0
70,2020-03-11,21.53846153846154,22.61111111111111,11.0,4.0,6.065217391304348,12.151898734177216,8.0,4.000000000000001,70.0,40.0,50.0,57.00000000000001,0.7647058823529411,1.1363636363636365,27.711111111111116,31.0,47.0,55.00000000000001
71,2020-03-12,39.23076923076923,37.27777777777778,13.0,4.0,14.08695652173913,28.481012658227844,19.0,8.000000000000002,66.0,40.0,57.99999999999999,78.0,0.41176470588235287,0.5454545454545454,44.91111111111111,53.99999999999999,64.0,81.0
72,2020-03-13,50.0,44.611111111111114,16.0,5.0,17.804347826086957,37.9746835443038,18.000000000000004,11.000000000000002,73.0,50.0,56.99999999999999,72.0,0.3235294117647059,0.45454545454545453,49.68888888888889,57.99999999999999,70.0,83.0
73,2020-03-14,43.07692307692308,38.5,13.0,4.0,11.543478260869565,24.68354430379747,22.0,12.000000000000002,63.0,45.0,57.99999999999999,76.0,0.2647058823529412,0.3181818181818182,48.733333333333334,54.99999999999999,69.0,79.0
74,2020-03-15,43.07692307692308,37.888888888888886,20.0,8.0,9.58695652173913,17.468354430379748,31.000000000000007,17.0,64.0,42.0,64.0,83.0,0.3235294117647059,0.36363636363636365,56.37777777777778,62.0,73.00000000000001,77.0
75,2020-03-16,58.46153846153847,61.111111111111114,44.0,24.000000000000004,10.76086956521739,23.164556962025316,53.0,45.0,79.0,60.0,63.0,94.0,0.3235294117647059,0.4090909090909091,70.71111111111111,82.0,74.0,84.0
76,2020-03-17,63.84615384615384,51.944444444444436,53.0,33.0,9.391304347826088,20.126582278481013,45.0,35.0,80.0,50.0,60.0,81.0,0.3235294117647059,0.5,74.53333333333333,80.0,81.0,86.0
77,2020-03-18,76.92307692307692,45.833333333333336,57.00000000000001,40.0,10.956521739130435,24.68354430379747,53.0,32.00000000000001,75.0,50.0,62.0,81.0,0.41176470588235287,0.5909090909090909,75.4888888888889,84.0,88.0,94.0
78,2020-03-19,56.92307692307692,42.166666666666664,56.00000000000001,42.00000000000001,10.565217391304348,23.544303797468356,52.0,33.0,76.00000000000001,48.00000000000001,71.0,91.0,0.20588235294117643,0.36363636363636365,76.44444444444444,88.0,88.0,100.0
79,2020-03-20,42.30769230769231,31.16666666666667,57.00000000000001,46.0,9.782608695652174,20.88607594936709,72.00000000000001,100.0,81.0,56.99999999999999,77.0,85.00000000000001,0.17647058823529413,0.3181818181818182,80.26666666666667,90.99999999999999,82.0,87.0
80,2020-03-21,43.84615384615385,26.27777777777778,37.00000000000001,30.000000000000004,9.58695652173913,19.367088607594937,52.0,57.00000000000001,70.0,51.0,92.0,99.00000000000001,0.17647058823529413,0.22727272727272727,80.26666666666667,90.0,84.00000000000001,84.0
81,2020-03-22,49.23076923076923,28.72222222222222,39.0,34.0,9.391304347826088,19.367088607594937,95.0,56.00000000000001,60.00000000000001,41.0,100.0,100.0,0.20588235294117643,0.22727272727272727,88.86666666666666,96.0,84.00000000000001,85.0
82,2020-03-23,59.23076923076923,26.88888888888889,71.00000000000001,62.0,8.41304347826087,17.848101265822784,100.0,65.0,77.0,56.99999999999999,84.0,80.0,0.17647058823529413,0.22727272727272727,90.77777777777777,100.0,75.0,74.0
83,2020-03-24,48.46153846153846,23.22222222222222,63.0,52.0,9.195652173913043,19.367088607594937,85.0,46.0,73.0,51.0,73.0,75.00000000000001,0.20588235294117643,0.22727272727272727,87.91111111111111,90.99999999999999,100.0,72.0
84,2020-03-25,39.23076923076923,18.944444444444443,71.00000000000001,59.0,8.804347826086957,16.70886075949367,59.0,33.0,77.0,58.00000000000001,69.0,62.0,0.20588235294117643,0.22727272727272727,88.86666666666666,90.99999999999999,84.00000000000001,66.0
85,2020-03-26,37.69230769230769,22.61111111111111,85.0,78.0,8.021739130434783,15.18987341772152,53.0,25.0,83.0,63.0,63.0,61.00000000000001,0.20588235294117643,0.2727272727272727,90.77777777777777,97.0,79.0,77.0
86,2020-03-27,34.61538461538461,20.77777777777778,83.0,72.00000000000001,9.0,15.949367088607595,52.0,20.0,92.0,68.0,61.0,56.00000000000001,0.17647058823529413,0.2727272727272727,95.55555555555556,98.0,76.00000000000001,84.0
87,2020-03-28,36.15384615384615,23.22222222222222,60.00000000000001,57.00000000000001,8.804347826086957,16.70886075949367,51.0,19.000000000000004,73.0,59.00000000000001,61.0,55.00000000000001,0.2352941176470588,0.13636363636363635,95.55555555555556,94.0,72.00000000000001,71.0
88,2020-03-29,37.69230769230769,23.833333333333332,62.0,60.00000000000001,8.804347826086957,17.468354430379748,53.0,15.000000000000002,66.0,52.0,56.99999999999999,52.0,0.17647058823529413,0.18181818181818182,89.82222222222222,93.0,69.0,71.0
89,2020-03-30,32.30769230769231,23.833333333333332,99.00000000000001,94.0,8.021739130434783,15.949367088607595,58.00000000000001,22.000000000000004,88.0,72.0,45.0,44.00000000000001,0.14705882352941177,0.22727272727272727,88.86666666666666,100.0,63.0,66.0
90,2020-03-31,28.46153846153846,20.166666666666668,95.0,93.0,6.456521739130435,12.91139240506329,42.00000000000001,16.000000000000004,86.0,73.0,43.0,42.00000000000001,0.17647058823529413,0.22727272727272727,86.0,94.0,56.00000000000001,67.0
91,2020-04-01,28.46153846153846,19.555555555555557,92.0,85.99999999999999,7.043478260869565,12.91139240506329,40.0,18.000000000000004,89.0,70.0,41.0,39.0,0.17647058823529413,0.22727272727272727,86.0,95.0,58.00000000000001,67.0
92,2020-04-02,30.76923076923077,25.666666666666664,100.0,95.0,6.456521739130435,11.772151898734178,40.0,18.000000000000004,90.0,80.0,39.0,38.0,0.17647058823529413,0.18181818181818182,86.95555555555555,96.0,58.00000000000001,67.0
93,2020-04-03,35.38461538461539,29.94444444444444,91.0,82.0,6.456521739130435,11.012658227848101,38.0,15.000000000000002,100.0,100.0,36.0,34.0,0.17647058823529413,0.18181818181818182,87.91111111111111,94.0,54.0,60.0
94,2020-04-04,35.38461538461539,27.500000000000004,58.00000000000001,54.0,7.043478260869565,12.151898734177216,39.0,12.000000000000002,78.0,66.0,38.0,37.00000000000001,0.20588235294117643,0.2727272727272727,92.68888888888888,92.0,56.00000000000001,63.0
95,2020-04-05,33.07692307692308,24.444444444444443,63.0,64.0,7.043478260869565,11.772151898734178,44.0,10.0,66.0,48.00000000000001,35.0,37.00000000000001,0.14705882352941177,0.18181818181818182,89.82222222222222,90.0,54.0,62.0
96,2020-04-06,26.923076923076923,22.61111111111111,93.0,85.99999999999999,6.260869565217392,11.39240506329114,47.0,9.000000000000002,86.0,75.0,30.0,30.000000000000004,0.17647058823529413,0.22727272727272727,86.0,92.0,48.00000000000001,55.00000000000001
97,2020-04-07,23.076923076923077,20.166666666666668,90.0,83.0,7.239130434782609,12.151898734177216,39.0,8.000000000000002,88.0,72.0,28.000000000000004,28.000000000000004,0.14705882352941177,0.22727272727272727,80.26666666666667,85.0,47.0,55.00000000000001
98,2020-04-08,21.53846153846154,17.11111111111111,83.0,74.0,7.434782608695651,12.91139240506329,43.00000000000001,8.000000000000002,90.0,65.0,27.0,28.000000000000004,0.5,0.8636363636363636,80.26666666666667,78.99999999999999,46.00000000000001,54.0
99,2020-04-09,23.846153846153847,18.333333333333332,86.00000000000001,78.0,6.6521739130434785,11.39240506329114,42.00000000000001,7.000000000000001,84.0,63.0,27.0,26.0,0.3235294117647059,0.45454545454545453,76.44444444444444,75.99999999999999,44.0,50.0
100,2020-04-10,26.923076923076923,21.38888888888889,72.0,71.0,6.065217391304348,10.632911392405063,40.0,7.000000000000001,78.0,68.0,28.000000000000004,26.0,0.20588235294117643,0.18181818181818182,75.4888888888889,73.00000000000001,45.0,49.0
101,2020-04-11,26.923076923076923,19.555555555555557,48.00000000000001,47.0,5.869565217391305,9.873417721518987,60.0,8.000000000000002,63.0,48.00000000000001,28.999999999999996,35.0,0.20588235294117643,0.22727272727272727,69.75555555555556,68.0,46.00000000000001,51.0
102,2020-04-12,26.923076923076923,18.333333333333332,57.00000000000001,60.00000000000001,5.869565217391305,10.253164556962025,46.0,7.000000000000001,55.00000000000001,38.0,28.999999999999996,36.0,0.20588235294117643,0.18181818181818182,64.97777777777777,61.0,48.00000000000001,49.0
103,2020-04-13,26.153846153846157,17.72222222222222,98.00000000000001,100.0,7.82608695652174,14.430379746835442,47.0,8.000000000000002,76.00000000000001,63.0,26.0,25.0,0.2352941176470588,0.3181818181818182,75.4888888888889,69.0,49.00000000000001,53.0
104,2020-04-14,26.923076923076923,18.944444444444443,89.00000000000001,88.0,9.58695652173913,17.848101265822784,45.0,8.000000000000002,88.0,69.0,24.0,24.000000000000004,0.3235294117647059,0.36363636363636365,70.71111111111111,67.0,44.0,52.0
105,2020-04-15,25.384615384615383,21.38888888888889,86.00000000000001,82.0,9.58695652173913,16.329113924050635,37.00000000000001,7.000000000000001,97.00000000000001,64.0,22.0,21.000000000000004,0.3235294117647059,0.36363636363636365,71.66666666666667,64.0,44.0,52.0
106,2020-04-16,25.384615384615383,19.555555555555557,80.0,75.0,9.0,15.949367088607595,35.0,8.000000000000002,89.0,69.0,24.0,25.0,0.2647058823529412,0.2727272727272727,72.62222222222222,64.0,46.00000000000001,56.00000000000001
107,2020-04-17,24.615384615384617,15.88888888888889,72.0,62.0,7.82608695652174,14.050632911392405,31.000000000000007,8.000000000000002,84.0,60.0,22.0,21.000000000000004,0.17647058823529413,0.18181818181818182,74.53333333333333,63.0,53.0,56.99999999999999
108,2020-04-18,23.846153846153847,15.88888888888889,48.00000000000001,46.0,7.434782608695651,12.91139240506329,29.000000000000004,7.000000000000001,72.00000000000001,45.0,22.0,23.0,0.20588235294117643,0.22727272727272727,65.93333333333334,57.99999999999999,46.00000000000001,53.0
109,2020-04-19,25.384615384615383,16.5,65.0,70.0,7.043478260869565,11.772151898734178,35.0,7.000000000000001,64.99999999999999,41.0,24.0,23.0,0.20588235294117643,0.2727272727272727,65.93333333333334,59.0,45.0,51.0
110,2020-04-20,22.307692307692307,17.11111111111111,86.00000000000001,85.00000000000001,6.065217391304348,10.632911392405063,35.0,9.000000000000002,86.0,55.99999999999999,21.0,20.0,0.2352941176470588,0.22727272727272727,68.8,57.99999999999999,41.0,44.0
111,2020-04-21,24.615384615384617,15.88888888888889,78.0,75.0,7.434782608695651,13.670886075949367,31.000000000000007,7.000000000000001,89.0,62.0,21.0,20.0,0.2352941176470588,0.22727272727272727,65.93333333333334,60.0,41.0,44.0
112,2020-04-22,33.07692307692308,19.555555555555557,76.0,69.0,6.456521739130435,11.39240506329114,31.000000000000007,7.000000000000001,90.99999999999999,62.0,21.0,20.0,0.14705882352941177,0.18181818181818182,64.97777777777777,59.0,40.00000000000001,44.0
113,2020-04-23,33.84615384615385,18.944444444444443,72.0,67.0,5.673913043478261,9.873417721518987,34.0,8.000000000000002,87.00000000000001,59.00000000000001,21.0,20.0,0.17647058823529413,0.22727272727272727,64.97777777777777,57.99999999999999,40.00000000000001,42.0
114,2020-04-24,29.230769230769234,17.72222222222222,64.0,59.0,15.456521739130435,25.063291139240505,33.0,7.000000000000001,84.0,62.0,21.0,19.0,0.20588235294117643,0.2727272727272727,64.02222222222223,55.99999999999999,38.00000000000001,41.0
115,2020-04-25,30.0,16.5,44.0,41.0,11.543478260869565,17.468354430379748,36.00000000000001,6.000000000000001,64.99999999999999,42.0,24.0,20.0,0.2352941176470588,0.2727272727272727,55.42222222222223,49.0,39.0,43.0
116,2020-04-26,32.30769230769231,20.166666666666668,64.0,68.0,8.608695652173912,13.670886075949367,36.00000000000001,7.000000000000001,63.0,39.0,23.0,22.000000000000004,0.20588235294117643,0.2727272727272727,59.24444444444445,51.0,39.0,42.0
117,2020-04-27,26.153846153846157,18.944444444444443,82.0,84.00000000000001,7.043478260869565,11.39240506329114,40.0,8.000000000000002,86.0,59.00000000000001,20.0,20.0,0.20588235294117643,0.2727272727272727,62.111111111111114,57.99999999999999,36.00000000000001,40.0
118,2020-04-28,25.384615384615383,17.11111111111111,76.0,72.00000000000001,6.260869565217392,10.253164556962025,36.00000000000001,8.000000000000002,85.0,59.00000000000001,21.0,18.0,0.20588235294117643,0.2727272727272727,61.155555555555566,56.99999999999999,37.0,39.0
119,2020-04-29,29.230769230769234,25.666666666666664,67.0,64.0,5.478260869565218,9.113924050632912,34.0,7.000000000000001,82.0,53.0,19.0,18.0,0.2352941176470588,0.2727272727272727,59.24444444444445,53.99999999999999,38.00000000000001,39.0
120,2020-04-30,27.692307692307693,24.444444444444443,65.0,59.0,5.478260869565218,9.49367088607595,40.0,7.000000000000001,81.0,52.0,20.0,22.000000000000004,0.20588235294117643,0.22727272727272727,57.333333333333336,51.0,37.0,40.0
121,2020-05-01,26.923076923076923,19.555555555555557,59.0,53.0,5.673913043478261,8.354430379746836,65.0,9.000000000000002,78.0,55.00000000000001,20.0,18.0,0.20588235294117643,0.13636363636363635,56.37777777777778,52.0,39.0,41.0
122,2020-05-02,26.153846153846157,16.5,41.0,38.0,4.891304347826087,7.974683544303797,45.0,8.000000000000002,64.99999999999999,43.00000000000001,20.0,19.0,0.20588235294117643,0.18181818181818182,55.42222222222223,47.0,37.0,42.0
123,2020-05-03,26.153846153846157,17.72222222222222,58.00000000000001,57.99999999999999,5.086956521739131,8.734177215189874,43.00000000000001,7.000000000000001,63.0,38.0,21.0,19.0,0.17647058823529413,0.13636363636363635,56.37777777777778,49.0,38.00000000000001,42.0
124,2020-05-04,24.615384615384617,15.88888888888889,73.0,68.0,4.891304347826087,8.734177215189874,39.0,6.000000000000001,82.0,52.0,18.0,19.0,0.20588235294117643,0.2727272727272727,59.24444444444445,53.0,36.00000000000001,41.0
125,2020-05-05,33.07692307692308,19.555555555555557,66.0,60.00000000000001,4.891304347826087,8.734177215189874,36.00000000000001,6.000000000000001,79.0,53.0,20.0,18.0,0.17647058823529413,0.2727272727272727,55.42222222222223,49.0,35.0,41.0
126,2020-05-06,46.92307692307692,23.22222222222222,57.00000000000001,52.0,4.891304347826087,8.734177215189874,39.0,5.0,79.0,51.0,20.0,18.0,0.17647058823529413,0.22727272727272727,56.37777777777778,50.0,34.0,37.0
127,2020-05-07,36.15384615384615,20.77777777777778,58.00000000000001,50.0,5.282608695652174,9.49367088607595,41.0,5.0,81.0,51.0,18.0,18.0,0.17647058823529413,0.22727272727272727,56.37777777777778,49.0,35.0,36.0
128,2020-05-08,29.230769230769234,17.11111111111111,56.00000000000001,46.0,4.891304347826087,8.354430379746836,36.00000000000001,5.0,77.0,53.0,18.0,18.0,0.17647058823529413,0.22727272727272727,52.55555555555556,47.0,34.0,38.0
129,2020-05-09,28.46153846153846,16.5,37.00000000000001,34.0,5.086956521739131,8.354430379746836,33.0,5.0,64.0,39.0,19.0,19.0,0.14705882352941177,0.22727272727272727,52.55555555555556,46.0,34.0,37.0
130,2020-05-10,29.230769230769234,16.5,51.000000000000014,51.0,5.282608695652174,8.734177215189874,39.0,5.0,60.00000000000001,37.0,20.0,21.000000000000004,0.2352941176470588,0.22727272727272727,52.55555555555556,44.0,37.0,40.0
131,2020-05-11,26.923076923076923,18.333333333333332,71.00000000000001,68.0,5.086956521739131,9.113924050632912,40.0,5.0,78.0,51.0,18.0,17.0,0.20588235294117643,0.13636363636363635,56.37777777777778,52.0,36.00000000000001,39.0
132,2020-05-12,25.384615384615383,20.166666666666668,62.0,59.0,6.6521739130434785,11.39240506329114,36.00000000000001,6.000000000000001,78.0,50.0,18.0,17.0,0.2352941176470588,0.3181818181818182,55.42222222222223,50.0,38.00000000000001,41.0
133,2020-05-13,25.384615384615383,18.944444444444443,58.00000000000001,53.0,5.673913043478261,9.873417721518987,33.0,8.000000000000002,85.0,52.0,18.0,16.0,0.2647058823529412,0.4090909090909091,53.511111111111106,50.0,37.0,39.0
134,2020-05-14,28.46153846153846,20.166666666666668,54.0,47.0,5.282608695652174,9.113924050632912,29.000000000000004,6.000000000000001,82.0,48.00000000000001,17.0,16.0,0.2352941176470588,0.2727272727272727,53.511111111111106,49.0,35.0,36.0
135,2020-05-15,28.46153846153846,23.22222222222222,49.00000000000001,42.00000000000001,5.282608695652174,9.49367088607595,32.0,10.0,82.0,51.0,18.0,16.0,0.2352941176470588,0.22727272727272727,51.6,47.0,35.0,39.0
136,2020-05-16,27.692307692307693,18.944444444444443,37.00000000000001,35.0,5.282608695652174,9.113924050632912,41.0,8.000000000000002,68.0,43.00000000000001,20.0,18.0,0.20588235294117643,0.2727272727272727,48.733333333333334,43.0,37.0,38.0
137,2020-05-17,31.538461538461537,18.944444444444443,54.0,57.00000000000001,5.673913043478261,9.873417721518987,68.0,7.000000000000001,67.0,40.0,20.0,20.0,0.2647058823529412,0.3181818181818182,49.68888888888889,43.0,37.0,38.0
138,2020-05-18,37.69230769230769,33.0,67.0,64.0,5.282608695652174,9.113924050632912,42.00000000000001,6.000000000000001,75.0,49.0,18.0,18.0,0.17647058823529413,0.22727272727272727,50.644444444444446,49.0,34.0,35.0
139,2020-05-19,36.15384615384615,26.27777777777778,59.0,54.99999999999999,6.6521739130434785,11.39240506329114,28.000000000000004,6.000000000000001,81.0,52.0,18.0,17.0,0.2352941176470588,0.3181818181818182,50.644444444444446,47.0,38.00000000000001,42.0
140,2020-05-20,26.923076923076923,18.944444444444443,56.00000000000001,50.0,5.673913043478261,9.873417721518987,22.0,5.0,76.00000000000001,48.00000000000001,18.0,17.0,0.2352941176470588,0.2727272727272727,51.6,47.0,37.0,41.0
141,2020-05-21,26.923076923076923,19.555555555555557,51.000000000000014,46.0,5.478260869565218,9.49367088607595,25.0,5.0,75.0,48.00000000000001,18.0,16.0,0.2352941176470588,0.3181818181818182,50.644444444444446,45.0,37.0,41.0
142,2020-05-22,25.384615384615383,15.277777777777779,45.0,42.00000000000001,5.478260869565218,10.253164556962025,22.0,4.000000000000001,80.0,50.0,17.0,16.0,0.2647058823529412,0.36363636363636365,47.77777777777778,43.0,35.0,39.0
143,2020-05-23,26.153846153846157,18.944444444444443,32.0,32.0,5.282608695652174,9.873417721518987,22.0,4.000000000000001,62.0,38.0,17.0,16.0,0.20588235294117643,0.3181818181818182,44.91111111111111,38.99999999999999,34.0,35.0
144,2020-05-24,25.384615384615383,17.11111111111111,49.00000000000001,53.0,5.086956521739131,9.113924050632912,25.0,3.0000000000000004,61.00000000000001,34.0,18.0,17.0,0.17647058823529413,0.22727272727272727,43.955555555555556,41.0,35.0,37.0
145,2020-05-25,25.384615384615383,17.72222222222222,48.00000000000001,49.0,5.086956521739131,10.253164556962025,25.0,3.0000000000000004,67.0,37.0,18.0,18.0,0.17647058823529413,0.22727272727272727,47.77777777777778,41.0,34.0,37.0
146,2020-05-26,25.384615384615383,20.77777777777778,63.0,60.00000000000001,5.086956521739131,9.873417721518987,23.0,4.000000000000001,75.0,46.0,17.0,16.0,0.2352941176470588,0.22727272727272727,48.733333333333334,47.0,37.0,36.0
147,2020-05-27,21.53846153846154,15.88888888888889,58.00000000000001,57.00000000000001,6.6521739130434785,12.151898734177216,22.0,3.0000000000000004,74.0,49.0,17.0,17.0,0.2352941176470588,0.22727272727272727,46.82222222222222,43.0,40.00000000000001,36.0
148,2020-05-28,20.0,15.277777777777779,51.000000000000014,48.00000000000001,7.434782608695651,13.291139240506327,25.0,3.0000000000000004,77.0,51.0,17.0,17.0,0.2352941176470588,0.2727272727272727,45.86666666666667,41.0,37.0,37.0
149,2020-05-29,20.76923076923077,13.444444444444445,45.0,40.0,11.73913043478261,20.88607594936709,24.000000000000004,3.0000000000000004,75.0,46.0,16.0,16.0,0.3235294117647059,0.3181818181818182,43.955555555555556,37.00000000000001,41.0,45.0
150,2020-05-30,20.76923076923077,14.055555555555554,31.0,28.000000000000004,9.782608695652174,17.088607594936708,41.0,6.000000000000001,63.0,33.0,16.0,15.000000000000002,0.3235294117647059,0.3181818181818182,41.08888888888889,33.0,38.00000000000001,37.0
151,2020-05-31,20.0,11.61111111111111,47.00000000000001,49.0,11.543478260869565,20.50632911392405,33.0,6.000000000000001,64.99999999999999,35.0,17.0,15.000000000000002,0.41176470588235287,0.4090909090909091,40.13333333333333,31.0,40.00000000000001,36.0
152,2020-06-01,20.0,11.0,62.0,59.0,18.0,30.0,24.000000000000004,6.000000000000001,73.0,44.0,16.0,14.000000000000002,0.5,0.5,43.0,33.0,36.00000000000001,31.0
153,2020-06-02,20.0,11.0,53.94,48.51111111111111,19.0,34.0,16.615384615384617,3.870967741935484,74.825,45.41935483870968,16.727272727272727,14.202898550724639,0.5,0.5,42.0,32.029411764705884,34.2,31.0
154,2020-06-03,20.0,12.0,48.980000000000004,44.577777777777776,15.0,25.0,13.846153846153847,2.5161290322580645,73.0,44.70967741935484,16.969696969696972,15.217391304347828,0.5,0.5,42.0,32.029411764705884,36.00000000000001,36.5
155,2020-06-04,20.0,11.0,44.02,40.644444444444446,13.0,22.0,12.923076923076923,2.1290322580645165,79.3875,52.516129032258064,16.242424242424242,15.014492753623191,0.5,0.5,42.0,33.970588235294116,36.00000000000001,36.5
156,2020-06-05,20.0,12.0,44.64,39.98888888888889,11.0,19.0,12.923076923076923,2.3225806451612905,71.175,45.41935483870968,16.484848484848484,15.217391304347828,0.5,0.5,42.0,33.970588235294116,33.6,31.5
157,2020-06-06,23.0,10.0,31.0,28.18888888888889,10.0,18.0,13.846153846153847,2.1290322580645165,65.7,37.612903225806456,16.969696969696972,15.82608695652174,0.5,0.5,40.0,30.08823529411765,34.2,32.0
158,2020-06-07,25.0,11.0,47.12,50.477777777777774,9.0,16.0,15.692307692307693,1.935483870967742,62.050000000000004,34.064516129032256,17.696969696969695,16.434782608695652,0.5,0.5,41.0,30.08823529411765,34.800000000000004,31.5
159,2020-06-08,22.0,11.0,57.66,57.03333333333334,7.000000000000001,14.000000000000002,15.692307692307693,2.1290322580645165,79.3875,48.96774193548387,16.242424242424242,15.217391304347828,0.5,0.5,44.0,34.94117647058824,31.8,30.0
160,2020-06-09,20.0,12.0,48.36,45.233333333333334,7.000000000000001,14.000000000000002,14.76923076923077,1.741935483870968,79.3875,50.38709677419355,15.757575757575756,14.608695652173914,0.5,0.5,42.0,35.911764705882355,32.4,31.5
161,2020-06-10,21.0,12.0,44.64,40.644444444444446,7.000000000000001,13.0,18.461538461538463,1.741935483870968,77.5625,47.54838709677419,16.0,15.014492753623191,0.5,0.5,42.0,35.911764705882355,30.599999999999998,28.499999999999996
162,2020-06-11,23.0,13.0,41.540000000000006,38.022222222222226,7.000000000000001,14.000000000000002,20.30769230769231,1.935483870967742,81.2125,53.93548387096774,16.727272727272727,16.84057971014493,0.5,0.5,43.0,36.88235294117647,31.8,28.000000000000004
163,2020-06-12,23.0,14.000000000000002,37.2,34.08888888888889,7.000000000000001,14.000000000000002,20.30769230769231,1.935483870967742,70.2625,45.41935483870968,16.727272727272727,17.652173913043477,0.5,0.5,43.0,38.82352941176471,31.2,28.999999999999996
164,2020-06-13,26.0,14.000000000000002,27.279999999999998,25.566666666666666,8.0,16.0,17.53846153846154,1.935483870967742,62.9625,38.32258064516129,16.969696969696972,18.057971014492754,0.5,0.5,41.0,33.970588235294116,34.2,30.5
165,2020-06-14,27.0,15.0,45.26,49.16666666666667,11.0,23.0,17.53846153846154,1.935483870967742,62.9625,36.90322580645161,17.454545454545457,18.666666666666668,0.5,0.5,40.0,33.970588235294116,36.00000000000001,34.0
166,2020-06-15,25.0,18.0,56.42,57.03333333333334,9.0,18.0,17.53846153846154,2.3225806451612905,80.30000000000001,52.516129032258064,16.242424242424242,15.420289855072463,0.5,0.5,44.0,42.705882352941174,32.4,30.5
167,2020-06-16,26.0,18.0,47.74,46.544444444444444,7.000000000000001,15.0,14.76923076923077,2.3225806451612905,78.47500000000001,53.93548387096774,16.0,16.84057971014493,0.5,0.5,44.0,43.6764705882353,54.6,44.5
168,2020-06-17,24.0,15.0,42.160000000000004,41.3,7.000000000000001,13.0,12.923076923076923,2.1290322580645165,76.65,51.806451612903224,16.484848484848484,16.231884057971016,0.5,0.5,45.0,43.6764705882353,60.00000000000001,50.0
169,2020-06-18,21.0,13.0,39.68000000000001,36.05555555555556,8.0,15.0,13.846153846153847,1.741935483870968,82.125,56.774193548387096,15.515151515151516,15.420289855072463,0.5,0.5,44.0,43.6764705882353,55.2,39.5
170,2020-06-19,21.0,15.0,35.96,34.08888888888889,9.0,17.0,12.923076923076923,1.935483870967742,76.65,50.38709677419355,15.272727272727273,15.420289855072463,0.5,0.5,45.0,46.588235294117645,50.4,36.5
171,2020-06-20,26.0,18.0,26.040000000000003,24.255555555555556,12.0,28.000000000000004,12.000000000000002,1.5483870967741937,70.2625,41.16129032258065,16.727272727272727,17.449275362318843,0.5,0.5,44.0,43.6764705882353,48.6,38.0
172,2020-06-21,27.0,17.0,41.540000000000006,46.544444444444444,17.0,39.0,11.076923076923077,1.3548387096774195,62.050000000000004,33.35483870967742,17.696969696969695,18.666666666666668,0.5,0.5,41.0,39.794117647058826,43.2,38.0
173,2020-06-22,25.0,19.0,57.04,57.68888888888889,10.0,20.0,12.923076923076923,1.741935483870968,77.5625,51.09677419354839,15.757575757575756,15.623188405797103,0.5,0.5,48.0,49.5,39.6,35.5
174,2020-06-23,27.0,20.0,47.74,47.2,9.0,18.0,18.461538461538463,1.935483870967742,81.2125,54.645161290322584,15.515151515151516,15.014492753623191,0.5,0.5,46.0,50.47058823529412,37.8,35.0
175,2020-06-24,26.0,18.0,43.4,40.644444444444446,8.0,16.0,14.76923076923077,1.935483870967742,82.125,55.35483870967742,15.272727272727273,15.014492753623191,0.5,0.5,47.0,56.294117647058826,35.400000000000006,32.5
176,2020-06-25,27.0,26.0,40.300000000000004,37.36666666666667,7.000000000000001,14.000000000000002,13.846153846153847,2.3225806451612905,83.95,58.90322580645161,15.272727272727273,15.420289855072463,0.5,0.5,49.0,61.14705882352941,35.400000000000006,31.5
177,2020-06-26,25.0,21.0,37.82,34.74444444444445,7.000000000000001,14.000000000000002,14.76923076923077,2.709677419354839,76.65,52.516129032258064,15.515151515151516,16.231884057971016,0.5,0.5,49.0,64.05882352941177,34.800000000000004,31.0
178,2020-06-27,26.0,20.0,27.900000000000002,27.53333333333333,8.0,16.0,14.76923076923077,2.709677419354839,68.4375,42.58064516129033,16.484848484848484,17.855072463768117,0.5,0.5,47.0,56.294117647058826,35.400000000000006,31.0
179,2020-06-28,28.000000000000004,20.0,46.5,52.44444444444445,11.0,22.0,17.53846153846154,2.709677419354839,65.7,38.32258064516129,16.969696969696972,17.855072463768117,0.5,0.5,46.0,55.3235294117647,36.00000000000001,33.5
180,2020-06-29,30.0,24.0,56.42,55.722222222222214,10.0,20.0,26.769230769230774,3.2903225806451615,83.0375,54.645161290322584,15.515151515151516,15.014492753623191,0.5,0.5,51.0,63.088235294117645,46.2,33.5
181,2020-06-30,30.0,23.0,49.60000000000001,47.2,8.0,16.0,27.692307692307693,3.0967741935483875,83.0375,57.483870967741936,15.272727272727273,15.014492753623191,0.5,0.5,50.0,64.05882352941177,57.00000000000001,42.5
182,2020-07-01,28.000000000000004,24.0,47.12,43.266666666666666,7.000000000000001,13.0,20.30769230769231,3.2903225806451615,82.125,58.90322580645161,15.272727272727273,14.608695652173914,0.5,0.5,49.0,64.05882352941177,44.4,37.5
183,2020-07-02,27.0,21.0,45.26,40.644444444444446,7.000000000000001,14.000000000000002,15.692307692307693,2.709677419354839,85.775,61.74193548387097,15.272727272727273,14.608695652173914,0.5,0.5,50.0,63.088235294117645,39.0,34.5
184,2020-07-03,34.0,20.0,35.96,33.43333333333333,7.000000000000001,14.000000000000002,13.846153846153847,2.3225806451612905,73.0,50.38709677419355,15.757575757575756,16.231884057971016,0.5,0.5,47.0,58.235294117647065,39.0,34.0
185,2020-07-04,28.999999999999996,18.0,22.94,22.288888888888888,10.0,22.0,16.615384615384617,1.741935483870968,63.87500000000001,39.03225806451613,16.484848484848484,18.057971014492754,0.5,0.5,43.0,51.44117647058823,38.4,35.0
186,2020-07-05,31.0,20.0,47.74,55.06666666666666,8.0,17.0,14.76923076923077,1.741935483870968,63.87500000000001,39.03225806451613,18.181818181818183,18.46376811594203,0.5,0.5,42.0,51.44117647058823,38.4,36.5
187,2020-07-06,30.0,22.0,58.900000000000006,60.96666666666667,7.000000000000001,15.0,12.923076923076923,2.1290322580645165,81.2125,58.90322580645161,15.757575757575756,15.623188405797103,0.5,0.5,50.0,63.088235294117645,40.800000000000004,46.5
188,2020-07-07,28.000000000000004,23.0,49.60000000000001,49.82222222222222,7.000000000000001,15.0,20.30769230769231,2.3225806451612905,88.5125,70.96774193548387,15.757575757575756,15.420289855072463,0.5,0.5,51.0,66.0,40.2,42.5
189,2020-07-08,28.000000000000004,23.0,43.4,42.611111111111114,8.0,16.0,15.692307692307693,2.1290322580645165,83.95,66.0,16.242424242424242,15.623188405797103,0.5,0.5,50.0,66.0,37.2,39.5
190,2020-07-09,28.000000000000004,20.0,39.06,36.71111111111111,8.0,17.0,16.615384615384617,1.935483870967742,91.25,66.70967741935485,15.515151515151516,15.623188405797103,0.5,0.5,49.0,64.05882352941177,36.00000000000001,37.5
191,2020-07-10,28.999999999999996,23.0,35.96,34.08888888888889,7.000000000000001,14.000000000000002,18.461538461538463,1.935483870967742,80.30000000000001,59.612903225806456,15.757575757575756,16.63768115942029,0.5,0.5,48.0,62.117647058823536,35.400000000000006,36.0
192,2020-07-11,28.999999999999996,23.0,25.420000000000005,24.255555555555556,7.000000000000001,14.000000000000002,19.384615384615387,1.935483870967742,72.0875,48.25806451612903,16.727272727272727,16.84057971014493,0.5,0.5,46.0,56.294117647058826,34.800000000000004,34.5
193,2020-07-12,43.0,26.0,47.74,53.1,7.000000000000001,13.0,20.30769230769231,1.741935483870968,67.525,45.41935483870968,17.454545454545457,17.652173913043477,0.5,0.5,49.0,57.26470588235294,35.400000000000006,37.5
194,2020-07-13,54.0,33.0,55.18000000000001,56.37777777777778,6.0,12.0,19.384615384615387,4.258064516129033,82.125,58.19354838709677,16.0,15.014492753623191,0.5,0.5,56.00000000000001,67.94117647058823,33.6,34.0
195,2020-07-14,47.0,34.0,50.22,49.16666666666667,6.0,13.0,20.30769230769231,5.806451612903226,83.95,61.03225806451613,15.757575757575756,15.217391304347828,0.5,0.5,54.0,68.91176470588235,34.800000000000004,37.0
196,2020-07-15,52.0,50.0,42.160000000000004,41.3,7.000000000000001,15.0,15.692307692307693,3.870967741935484,83.0375,60.322580645161295,16.0,16.231884057971016,0.5,0.5,53.0,68.91176470588235,33.6,35.5
197,2020-07-16,46.0,34.0,40.300000000000004,36.71111111111111,7.000000000000001,14.000000000000002,14.76923076923077,2.709677419354839,83.0375,62.45161290322581,15.757575757575756,16.434782608695652,0.5,0.5,53.0,67.94117647058823,33.0,35.5
198,2020-07-17,39.0,27.0,36.58,34.08888888888889,7.000000000000001,14.000000000000002,14.76923076923077,2.5161290322580645,77.5625,55.35483870967742,16.242424242424242,16.434782608695652,0.5,0.5,54.0,63.088235294117645,32.4,34.0
199,2020-07-18,37.0,23.0,26.66,24.91111111111111,7.000000000000001,15.0,13.846153846153847,1.741935483870968,69.35,45.41935483870968,17.21212121212121,18.26086956521739,0.5,0.5,47.0,55.3235294117647,33.6,33.5
200,2020-07-19,37.0,25.0,45.26,50.477777777777774,7.000000000000001,14.000000000000002,13.846153846153847,1.741935483870968,66.6125,39.74193548387097,17.939393939393938,20.28985507246377,0.5,0.5,49.0,53.38235294117647,35.400000000000006,35.0
201,2020-07-20,56.99999999999999,39.0,55.800000000000004,59.0,7.000000000000001,14.000000000000002,13.846153846153847,2.1290322580645165,82.125,56.774193548387096,16.242424242424242,15.623188405797103,0.5,0.5,52.0,61.14705882352941,31.8,34.0
202,2020-07-21,50.0,33.0,50.84000000000001,52.44444444444445,7.000000000000001,14.000000000000002,12.923076923076923,1.935483870967742,81.2125,57.483870967741936,16.242424242424242,16.028985507246375,0.5,0.5,51.0,58.235294117647065,31.8,35.0
203,2020-07-22,39.0,31.0,43.4,43.922222222222224,7.000000000000001,13.0,12.000000000000002,1.741935483870968,80.30000000000001,56.774193548387096,16.727272727272727,16.434782608695652,0.5,0.5,50.0,57.26470588235294,36.6,44.5
204,2020-07-23,35.0,28.000000000000004,40.92,41.3,6.0,13.0,12.000000000000002,1.5483870967741937,85.775,58.90322580645161,16.242424242424242,16.028985507246375,0.5,0.5,48.0,55.3235294117647,35.400000000000006,40.5
205,2020-07-24,32.0,21.0,40.92,38.67777777777778,6.0,13.0,11.076923076923077,1.3548387096774195,78.47500000000001,51.806451612903224,17.21212121212121,16.63768115942029,0.5,0.5,48.0,52.411764705882355,34.2,40.0
206,2020-07-25,31.0,18.0,29.76,28.18888888888889,6.0,12.0,12.000000000000002,1.5483870967741937,71.175,42.58064516129033,18.181818181818183,19.072463768115945,0.5,0.5,45.0,46.588235294117645,35.400000000000006,41.5
207,2020-07-26,31.0,20.0,46.5,50.477777777777774,6.0,12.0,12.000000000000002,1.1612903225806452,64.7875,39.03225806451613,18.90909090909091,18.26086956521739,0.5,0.5,45.0,45.61764705882353,34.800000000000004,40.0
208,2020-07-27,34.0,28.999999999999996,55.800000000000004,58.34444444444444,6.0,12.0,11.076923076923077,1.741935483870968,83.95,53.93548387096774,16.969696969696972,16.231884057971016,0.5,0.5,52.0,57.26470588235294,34.2,39.0
209,2020-07-28,36.0,30.0,47.12,48.51111111111111,6.0,13.0,12.000000000000002,1.5483870967741937,88.5125,58.19354838709677,16.484848484848484,15.420289855072463,0.5,0.5,52.0,61.14705882352941,34.800000000000004,44.5
210,2020-07-29,34.0,24.0,42.160000000000004,41.3,6.0,13.0,12.923076923076923,1.3548387096774195,83.95,56.774193548387096,16.969696969696972,16.028985507246375,0.5,0.5,51.0,57.26470588235294,34.2,43.0
211,2020-07-30,32.0,23.0,38.440000000000005,36.05555555555556,8.0,16.0,20.30769230769231,1.3548387096774195,81.2125,58.90322580645161,16.484848484848484,16.63768115942029,0.5,0.5,53.0,59.205882352941174,34.2,43.5
212,2020-07-31,34.0,22.0,37.2,36.05555555555556,7.000000000000001,13.0,22.153846153846153,1.5483870967741937,74.825,53.93548387096774,16.727272727272727,16.63768115942029,0.5,0.5,53.0,53.38235294117647,33.0,41.5
213,2020-08-01,34.0,21.0,28.52,28.18888888888889,8.0,16.0,15.692307692307693,1.3548387096774195,68.4375,43.29032258064516,17.939393939393938,19.072463768115945,0.5,0.5,47.0,46.588235294117645,33.0,42.0
214,2020-08-02,35.0,23.0,47.74,53.1,7.000000000000001,13.0,16.615384615384617,0.967741935483871,62.9625,40.45161290322581,18.90909090909091,19.681159420289855,0.5,0.5,47.0,45.61764705882353,34.2,37.0
215,2020-08-03,35.0,24.0,52.7,54.41111111111111,6.0,11.0,13.846153846153847,1.5483870967741937,78.47500000000001,54.645161290322584,16.242424242424242,16.231884057971016,0.5,0.5,50.0,52.411764705882355,31.2,34.5
216,2020-08-04,33.0,24.0,43.4,43.266666666666666,7.000000000000001,14.000000000000002,12.000000000000002,1.5483870967741937,83.0375,55.35483870967742,16.484848484848484,16.231884057971016,0.5,0.5,49.0,50.47058823529412,33.6,34.5
217,2020-08-05,31.0,24.0,38.440000000000005,38.022222222222226,7.000000000000001,14.000000000000002,12.000000000000002,1.3548387096774195,79.3875,55.35483870967742,15.272727272727273,14.81159420289855,0.5,0.5,100.0,97.05882352941177,32.4,33.0
218,2020-08-06,28.999999999999996,22.0,35.96,35.4,7.000000000000001,13.0,11.076923076923077,1.1612903225806452,82.125,58.90322580645161,15.757575757575756,15.217391304347828,0.5,0.5,53.0,60.1764705882353,32.4,34.5
219,2020-08-07,31.0,21.0,35.96,35.4,7.000000000000001,14.000000000000002,12.923076923076923,1.1612903225806452,78.47500000000001,53.2258064516129,15.515151515151516,16.028985507246375,0.5,0.5,45.0,46.588235294117645,33.0,35.0
220,2020-08-08,36.0,18.0,36.58,38.022222222222226,9.0,19.0,11.076923076923077,1.3548387096774195,71.175,50.38709677419355,17.21212121212121,18.666666666666668,0.5,0.5,41.0,40.76470588235294,33.0,34.5
221,2020-08-09,39.0,22.0,58.28,65.55555555555556,9.0,20.0,11.076923076923077,1.3548387096774195,68.4375,45.41935483870968,17.939393939393938,19.884057971014492,0.5,0.5,42.0,40.76470588235294,34.2,33.5
222,2020-08-10,37.0,23.0,55.800000000000004,59.65555555555556,8.0,17.0,9.230769230769232,2.709677419354839,83.0375,53.93548387096774,15.515151515151516,16.434782608695652,0.5,0.5,45.0,47.55882352941177,30.599999999999998,32.5
223,2020-08-11,98.0,54.0,45.26,45.233333333333334,8.0,16.0,12.000000000000002,2.1290322580645165,81.2125,55.35483870967742,15.272727272727273,15.014492753623191,0.5,0.5,47.0,46.588235294117645,31.2,31.5
224,2020-08-12,67.0,39.0,37.2,37.36666666666667,7.000000000000001,15.0,10.153846153846155,1.1612903225806452,75.7375,50.38709677419355,16.242424242424242,15.623188405797103,0.5,0.5,45.0,43.6764705882353,30.000000000000004,31.0
225,2020-08-13,46.0,28.999999999999996,35.96,34.08888888888889,7.000000000000001,15.0,10.153846153846155,1.1612903225806452,84.86250000000001,56.06451612903226,16.0,15.217391304347828,0.5,0.5,45.0,43.6764705882353,30.599999999999998,31.0
226,2020-08-14,35.0,21.0,31.620000000000005,30.15555555555556,8.0,17.0,11.076923076923077,0.967741935483871,73.0,51.09677419354839,16.727272727272727,16.231884057971016,0.5,0.5,45.0,41.73529411764706,30.599999999999998,30.0
227,2020-08-15,33.0,22.0,23.56,23.6,7.000000000000001,15.0,10.153846153846155,1.1612903225806452,63.87500000000001,40.45161290322581,17.454545454545457,18.46376811594203,0.5,0.5,40.0,37.85294117647059,31.2,32.0
228,2020-08-16,34.0,21.0,40.300000000000004,44.577777777777776,14.000000000000002,28.000000000000004,11.076923076923077,0.967741935483871,63.87500000000001,36.90322580645161,20.12121212121212,19.47826086956522,0.5,0.5,42.0,37.85294117647059,31.2,31.0
229,2020-08-17,33.0,22.0,47.12,45.88888888888889,8.0,16.0,11.076923076923077,1.3548387096774195,79.3875,51.09677419354839,17.454545454545457,15.623188405797103,0.5,0.5,45.0,41.73529411764706,30.599999999999998,28.999999999999996
230,2020-08-18,30.0,21.0,39.68000000000001,39.33333333333333,8.0,17.0,9.230769230769232,1.3548387096774195,79.3875,51.806451612903224,16.484848484848484,15.420289855072463,0.5,0.5,43.0,41.73529411764706,30.599999999999998,30.5
231,2020-08-19,28.999999999999996,23.0,36.58,35.4,7.000000000000001,15.0,9.230769230769232,1.1612903225806452,74.825,48.96774193548387,15.515151515151516,15.420289855072463,0.5,0.5,41.0,39.794117647058826,30.599999999999998,31.5
232,2020-08-20,28.999999999999996,20.0,35.339999999999996,33.43333333333333,9.0,19.0,8.307692307692308,1.3548387096774195,81.2125,51.806451612903224,16.242424242424242,14.405797101449275,0.5,0.5,41.0,38.82352941176471,29.400000000000006,30.5
233,2020-08-21,27.0,17.0,32.86,30.15555555555556,9.0,18.0,11.076923076923077,0.967741935483871,71.175,46.12903225806452,16.727272727272727,14.81159420289855,0.5,0.5,40.0,35.911764705882355,30.599999999999998,31.0
234,2020-08-22,27.0,20.0,26.66,26.222222222222225,7.000000000000001,15.0,9.230769230769232,0.967741935483871,64.7875,40.45161290322581,17.939393939393938,18.46376811594203,0.5,0.5,37.0,34.94117647058824,31.2,29.5
235,2020-08-23,28.000000000000004,20.0,39.06,43.266666666666666,8.0,17.0,8.307692307692308,0.967741935483871,62.050000000000004,34.064516129032256,18.181818181818183,17.855072463768117,0.5,0.5,38.0,34.94117647058824,30.599999999999998,30.0
236,2020-08-24,28.000000000000004,20.0,45.88,45.233333333333334,7.000000000000001,13.0,8.307692307692308,1.5483870967741937,76.65,45.41935483870968,16.484848484848484,14.81159420289855,0.5,0.5,41.0,37.85294117647059,28.800000000000004,28.000000000000004
237,2020-08-25,26.0,17.0,40.92,38.67777777777778,7.000000000000001,14.000000000000002,8.307692307692308,1.5483870967741937,73.91250000000001,45.41935483870968,16.484848484848484,14.81159420289855,0.5,0.5,40.0,36.88235294117647,30.000000000000004,29.5
238,2020-08-26,28.000000000000004,17.0,37.2,34.08888888888889,8.0,16.0,9.230769230769232,1.5483870967741937,73.91250000000001,45.41935483870968,16.242424242424242,15.217391304347828,0.5,0.5,39.0,34.94117647058824,30.599999999999998,30.5
239,2020-08-27,27.0,16.0,35.339999999999996,30.81111111111111,10.0,16.0,8.307692307692308,1.5483870967741937,76.65,47.54838709677419,16.0,14.81159420289855,0.5,0.5,40.0,33.970588235294116,30.000000000000004,31.0
240,2020-08-28,24.0,15.0,32.24,28.844444444444445,12.0,23.0,10.153846153846155,1.1612903225806452,68.4375,41.87096774193548,16.727272727272727,15.420289855072463,0.5,0.5,39.0,33.970588235294116,28.800000000000004,31.5
241,2020-08-29,24.0,15.0,23.56,22.944444444444446,8.0,14.000000000000002,9.230769230769232,1.1612903225806452,64.7875,38.32258064516129,17.454545454545457,16.63768115942029,0.5,0.5,36.0,32.029411764705884,28.200000000000003,29.5
242,2020-08-30,27.0,17.0,44.02,48.51111111111111,7.000000000000001,14.000000000000002,9.230769230769232,0.967741935483871,58.4,34.064516129032256,18.181818181818183,17.855072463768117,0.5,0.5,37.0,36.88235294117647,30.000000000000004,29.5
243,2020-08-31,26.0,22.0,46.5,43.922222222222224,6.0,13.0,8.307692307692308,1.5483870967741937,74.825,44.70967741935484,16.484848484848484,14.405797101449275,0.5,0.5,42.0,43.6764705882353,30.599999999999998,30.0
244,2020-09-01,24.0,18.0,41.540000000000006,39.33333333333333,7.000000000000001,15.0,8.307692307692308,1.3548387096774195,75.7375,44.70967741935484,15.272727272727273,14.608695652173914,0.5,0.5,39.0,38.82352941176471,31.2,32.0
245,2020-09-02,26.0,22.0,37.82,33.43333333333333,7.000000000000001,13.0,8.307692307692308,1.5483870967741937,76.65,44.70967741935484,15.757575757575756,15.82608695652174,0.5,0.5,39.0,35.911764705882355,33.0,32.0
246,2020-09-03,32.0,37.0,34.1,30.15555555555556,6.0,13.0,6.461538461538462,1.3548387096774195,76.65,46.83870967741935,15.515151515151516,15.217391304347828,0.5,0.5,40.0,37.85294117647059,31.2,32.0
247,2020-09-04,28.000000000000004,28.000000000000004,32.86,27.53333333333333,8.0,17.0,7.384615384615385,1.3548387096774195,70.2625,39.74193548387097,19.636363636363637,15.82608695652174,0.5,0.5,38.0,33.970588235294116,33.6,32.5
248,2020-09-05,26.0,22.0,22.32,20.977777777777778,8.0,19.0,7.384615384615385,1.1612903225806452,65.7,38.32258064516129,18.666666666666668,16.84057971014493,0.5,0.5,35.0,31.058823529411768,32.4,33.5
249,2020-09-06,27.0,22.0,36.58,40.644444444444446,8.0,17.0,8.307692307692308,1.1612903225806452,59.3125,32.645161290322584,19.636363636363637,18.666666666666668,0.5,0.5,36.0,30.08823529411765,31.8,34.0
250,2020-09-07,27.0,21.0,35.96,38.67777777777778,7.000000000000001,14.000000000000002,8.307692307692308,1.3548387096774195,71.175,34.7741935483871,22.060606060606062,18.26086956521739,0.5,0.5,39.0,31.058823529411768,29.400000000000006,34.0
251,2020-09-08,28.000000000000004,24.0,43.4,41.3,6.0,13.0,9.230769230769232,1.5483870967741937,72.0875,41.16129032258065,17.21212121212121,15.623188405797103,0.5,0.5,41.0,33.970588235294116,33.0,32.5
252,2020-09-09,35.0,26.0,38.440000000000005,36.71111111111111,8.0,16.0,11.076923076923077,1.741935483870968,70.2625,39.74193548387097,15.515151515151516,15.014492753623191,0.5,0.5,42.0,34.94117647058824,31.2,33.0
253,2020-09-10,26.0,21.0,36.58,32.77777777777778,8.0,15.0,11.076923076923077,1.5483870967741937,77.5625,44.70967741935484,15.757575757575756,15.420289855072463,0.5,0.5,42.0,33.0,33.0,33.5
254,2020-09-11,24.0,17.0,35.339999999999996,32.12222222222223,7.000000000000001,13.0,12.000000000000002,1.1612903225806452,72.0875,40.45161290322581,15.272727272727273,14.81159420289855,0.5,0.5,41.0,32.029411764705884,31.2,33.5
255,2020-09-12,25.0,17.0,23.56,22.944444444444446,7.000000000000001,14.000000000000002,9.230769230769232,0.967741935483871,66.6125,38.32258064516129,16.0,16.63768115942029,0.5,0.5,36.0,30.08823529411765,31.8,32.0
256,2020-09-13,24.0,17.0,38.440000000000005,39.98888888888889,7.000000000000001,14.000000000000002,10.153846153846155,1.1612903225806452,60.22500000000001,31.225806451612904,16.727272727272727,17.043478260869566,0.5,0.5,37.0,29.117647058823533,31.8,32.0
257,2020-09-14,25.0,19.0,46.5,43.922222222222224,6.0,13.0,9.230769230769232,1.741935483870968,76.65,41.87096774193548,15.03030303030303,15.217391304347828,0.5,0.5,43.0,31.058823529411768,30.000000000000004,32.5
258,2020-09-15,24.0,20.0,40.300000000000004,38.022222222222226,6.0,13.0,9.230769230769232,1.5483870967741937,70.2625,41.16129032258065,15.03030303030303,14.608695652173914,0.5,0.5,40.0,31.058823529411768,30.599999999999998,32.5
259,2020-09-16,26.0,23.0,35.96,32.12222222222223,7.000000000000001,13.0,11.076923076923077,1.3548387096774195,71.175,40.45161290322581,15.272727272727273,15.623188405797103,0.5,0.5,50.0,31.058823529411768,31.8,36.0
260,2020-09-17,27.0,23.0,34.72,28.844444444444445,6.0,12.0,15.692307692307693,1.5483870967741937,74.825,42.58064516129033,15.757575757575756,16.231884057971016,0.5,0.5,46.0,32.029411764705884,30.599999999999998,34.0
261,2020-09-18,24.0,18.0,31.620000000000005,27.53333333333333,7.000000000000001,14.000000000000002,21.23076923076923,1.5483870967741937,68.4375,38.32258064516129,15.515151515151516,15.420289855072463,0.5,0.5,40.0,32.029411764705884,33.6,34.5
262,2020-09-19,21.0,15.0,20.46,20.322222222222223,8.0,19.0,12.923076923076923,1.1612903225806452,61.1375,33.35483870967742,16.0,16.028985507246375,0.5,0.5,35.0,28.147058823529413,33.0,32.5
263,2020-09-20,22.0,13.0,34.72,36.71111111111111,7.000000000000001,14.000000000000002,14.76923076923077,1.3548387096774195,58.4,29.806451612903228,17.21212121212121,17.043478260869566,0.5,0.5,36.0,27.176470588235297,32.4,30.5
264,2020-09-21,25.0,16.0,40.300000000000004,38.67777777777778,6.0,12.0,19.384615384615387,1.935483870967742,72.0875,39.03225806451613,16.0,15.014492753623191,0.5,0.5,41.0,33.0,31.2,32.5
265,2020-09-22,24.0,16.0,35.339999999999996,33.43333333333333,6.0,12.0,16.615384615384617,1.935483870967742,70.2625,39.03225806451613,16.242424242424242,15.217391304347828,0.5,0.5,42.0,34.94117647058824,31.2,33.5
266,2020-09-23,24.0,19.0,31.620000000000005,28.18888888888889,6.0,12.0,11.076923076923077,1.741935483870968,69.35,39.74193548387097,15.272727272727273,15.420289855072463,0.5,0.5,43.0,33.970588235294116,30.599999999999998,33.5
267,2020-09-24,23.0,16.0,28.52,24.255555555555556,7.000000000000001,15.0,11.076923076923077,1.3548387096774195,72.0875,41.87096774193548,15.272727272727273,15.623188405797103,0.5,0.5,44.0,31.058823529411768,30.599999999999998,33.0
268,2020-09-25,21.0,16.0,25.420000000000005,22.288888888888888,6.0,14.000000000000002,13.846153846153847,1.5483870967741937,65.7,36.193548387096776,16.0,14.608695652173914,0.5,0.5,39.0,32.029411764705884,29.400000000000006,31.5
269,2020-09-26,21.0,13.0,17.98,17.044444444444444,7.000000000000001,16.0,11.076923076923077,1.1612903225806452,60.22500000000001,36.193548387096776,16.0,15.82608695652174,0.5,0.5,35.0,29.117647058823533,29.400000000000006,28.999999999999996
270,2020-09-27,22.0,13.0,30.380000000000003,33.43333333333333,7.000000000000001,17.0,11.076923076923077,0.967741935483871,57.487500000000004,30.516129032258064,16.484848484848484,16.84057971014493,0.5,0.5,35.0,29.117647058823533,30.000000000000004,30.0
271,2020-09-28,24.0,16.0,37.2,36.05555555555556,11.0,23.0,11.076923076923077,1.3548387096774195,74.825,40.45161290322581,15.03030303030303,14.608695652173914,0.5,0.5,41.0,33.0,29.400000000000006,31.5
272,2020-09-29,22.0,17.0,33.480000000000004,31.466666666666665,11.0,21.0,12.000000000000002,1.5483870967741937,75.7375,42.58064516129033,14.303030303030303,14.81159420289855,0.5,0.5,41.0,33.0,30.000000000000004,30.5
273,2020-09-30,21.0,14.000000000000002,31.0,27.53333333333333,24.0,47.0,11.076923076923077,1.3548387096774195,71.175,43.29032258064516,14.545454545454545,14.000000000000002,0.5,1.0,38.0,32.029411764705884,30.000000000000004,34.0
274,2020-10-01,21.0,15.0,28.52,24.91111111111111,10.0,20.0,11.076923076923077,1.3548387096774195,70.2625,44.70967741935484,14.787878787878789,15.217391304347828,0.5,0.5,37.0,30.08823529411765,30.000000000000004,31.5
275,2020-10-02,22.0,16.0,27.900000000000002,22.288888888888888,56.99999999999999,98.0,8.307692307692308,1.1612903225806452,66.6125,39.03225806451613,15.272727272727273,14.405797101449275,0.5,0.5,56.99999999999999,76.67647058823529,28.800000000000004,30.5
276,2020-10-03,19.0,13.0,18.6,15.733333333333333,40.0,74.0,7.384615384615385,0.967741935483871,61.1375,36.90322580645161,16.727272727272727,15.420289855072463,0.5,0.5,44.0,55.3235294117647,30.000000000000004,28.999999999999996
277,2020-10-04,21.0,13.0,31.620000000000005,34.08888888888889,32.0,56.99999999999999,9.230769230769232,1.3548387096774195,58.4,31.225806451612904,18.181818181818183,16.434782608695652,0.5,0.5,41.0,46.588235294117645,30.000000000000004,31.5
278,2020-10-05,22.0,15.0,36.58,36.05555555555556,23.0,44.0,10.153846153846155,1.741935483870968,75.7375,40.45161290322581,15.757575757575756,15.014492753623191,0.5,0.5,45.0,47.55882352941177,28.200000000000003,30.0
279,2020-10-06,21.0,15.0,32.24,29.5,18.0,36.0,11.076923076923077,1.5483870967741937,73.91250000000001,39.74193548387097,16.242424242424242,14.000000000000002,0.5,0.5,44.0,44.64705882352941,28.200000000000003,29.5
280,2020-10-07,20.0,13.0,27.900000000000002,24.91111111111111,15.0,28.999999999999996,11.076923076923077,1.5483870967741937,67.525,41.16129032258065,18.90909090909091,16.434782608695652,0.5,0.5,43.0,40.76470588235294,28.800000000000004,30.5
281,2020-10-08,21.0,13.0,24.800000000000004,21.633333333333333,14.000000000000002,30.0,11.076923076923077,1.5483870967741937,72.0875,46.83870967741935,17.454545454545457,14.405797101449275,0.5,0.5,44.0,39.794117647058826,30.000000000000004,35.0
282,2020-10-09,19.0,14.000000000000002,22.94,20.977777777777778,12.0,25.0,10.153846153846155,1.1612903225806452,66.6125,41.87096774193548,16.969696969696972,14.81159420289855,0.5,0.5,41.0,36.88235294117647,30.000000000000004,30.0
283,2020-10-10,19.0,13.0,16.740000000000002,15.07777777777778,11.0,22.0,11.076923076923077,0.967741935483871,62.050000000000004,35.483870967741936,18.666666666666668,16.028985507246375,0.5,0.5,38.0,32.029411764705884,30.000000000000004,27.500000000000004
284,2020-10-11,20.0,14.000000000000002,29.76,32.77777777777778,9.0,19.0,12.923076923076923,1.935483870967742,61.1375,31.93548387096774,24.242424242424242,17.246376811594207,0.5,0.5,37.0,32.029411764705884,30.000000000000004,28.000000000000004
285,2020-10-12,22.0,15.0,31.620000000000005,32.12222222222223,8.0,18.0,25.846153846153847,2.3225806451612905,71.175,41.87096774193548,17.696969696969695,15.217391304347828,0.5,0.5,45.0,34.94117647058824,28.800000000000004,28.499999999999996
286,2020-10-13,24.0,20.0,32.24,30.81111111111111,8.0,17.0,12.923076923076923,2.709677419354839,71.175,41.87096774193548,16.484848484848484,14.81159420289855,0.5,0.5,44.0,35.911764705882355,28.800000000000004,28.999999999999996
287,2020-10-14,22.0,17.0,28.52,27.53333333333333,8.0,17.0,13.846153846153847,1.741935483870968,70.2625,42.58064516129033,20.84848484848485,15.014492753623191,0.5,0.5,44.0,37.85294117647059,29.400000000000006,28.999999999999996
288,2020-10-15,21.0,17.0,26.040000000000003,22.944444444444446,9.0,20.0,22.153846153846153,1.5483870967741937,73.91250000000001,48.96774193548387,18.666666666666668,14.81159420289855,0.5,0.5,47.0,38.82352941176471,31.2,32.5
289,2020-10-16,22.0,16.0,22.32,19.666666666666664,12.0,28.999999999999996,16.615384615384617,1.741935483870968,63.87500000000001,40.45161290322581,17.696969696969695,15.82608695652174,0.5,0.5,44.0,35.911764705882355,30.599999999999998,30.0
290,2020-10-17,21.0,17.0,15.5,14.422222222222222,9.0,21.0,11.076923076923077,1.3548387096774195,56.574999999999996,35.483870967741936,17.454545454545457,16.231884057971016,0.5,0.5,40.0,33.0,30.000000000000004,28.999999999999996
291,2020-10-18,26.0,17.0,29.14,32.12222222222223,10.0,20.0,11.076923076923077,1.3548387096774195,56.574999999999996,30.516129032258064,18.181818181818183,16.231884057971016,0.5,0.5,40.0,33.0,31.2,28.999999999999996
292,2020-10-19,24.0,21.0,33.480000000000004,34.08888888888889,9.0,19.0,17.53846153846154,1.5483870967741937,70.2625,41.16129032258065,15.515151515151516,14.608695652173914,0.5,0.5,45.0,38.82352941176471,30.000000000000004,31.5
293,2020-10-20,23.0,19.0,29.14,28.18888888888889,9.0,20.0,16.615384615384617,1.935483870967742,70.2625,42.58064516129033,16.0,14.608695652173914,0.5,0.5,44.0,39.794117647058826,28.800000000000004,31.0
294,2020-10-21,24.0,20.0,27.279999999999998,24.91111111111111,9.0,21.0,15.692307692307693,1.935483870967742,68.4375,43.29032258064516,16.0,14.405797101449275,0.5,0.5,46.0,39.794117647058826,31.8,36.0
295,2020-10-22,25.0,20.0,25.420000000000005,21.633333333333333,11.0,23.0,14.76923076923077,1.741935483870968,72.0875,46.12903225806452,16.969696969696972,14.608695652173914,0.5,0.5,50.0,38.82352941176471,31.2,35.0
296,2020-10-23,26.0,21.0,22.32,19.011111111111113,16.0,32.0,18.461538461538463,1.3548387096774195,67.525,44.70967741935484,17.21212121212121,14.608695652173914,0.5,1.0,47.0,37.85294117647059,31.2,37.5
297,2020-10-24,21.0,16.0,15.5,12.455555555555556,10.0,22.0,14.76923076923077,0.967741935483871,55.6625,33.35483870967742,18.424242424242422,15.82608695652174,0.5,0.5,43.0,35.911764705882355,29.400000000000006,30.5
298,2020-10-25,25.0,16.0,26.66,30.15555555555556,10.0,22.0,12.923076923076923,1.1612903225806452,50.18749999999999,28.387096774193548,19.151515151515152,16.434782608695652,0.5,0.5,43.0,34.94117647058824,31.2,30.5
299,2020-10-26,26.0,19.0,31.620000000000005,30.15555555555556,10.0,22.0,16.615384615384617,1.935483870967742,63.87500000000001,41.16129032258065,16.242424242424242,14.81159420289855,0.5,1.0,50.0,42.705882352941174,30.599999999999998,31.0
300,2020-10-27,27.0,19.0,26.66,24.91111111111111,10.0,22.0,18.461538461538463,1.5483870967741937,69.35,40.45161290322581,16.242424242424242,14.608695652173914,0.5,1.0,48.0,42.705882352941174,30.599999999999998,29.5
301,2020-10-28,25.0,20.0,25.420000000000005,20.977777777777778,10.0,23.0,41.53846153846154,3.2903225806451615,67.525,41.16129032258065,16.727272727272727,14.202898550724639,1.0,1.0,53.0,45.61764705882353,29.400000000000006,32.5
302,2020-10-29,24.0,18.0,22.32,19.011111111111113,10.0,21.0,33.23076923076923,4.451612903225807,70.2625,45.41935483870968,16.242424242424242,15.014492753623191,0.5,1.0,56.99999999999999,43.6764705882353,30.000000000000004,31.0
303,2020-10-30,21.0,17.0,21.080000000000002,17.044444444444444,11.0,23.0,29.53846153846154,3.870967741935484,61.1375,40.45161290322581,16.242424242424242,14.202898550724639,1.0,1.0,57.99999999999999,44.64705882352941,30.000000000000004,28.999999999999996
304,2020-10-31,22.0,15.0,14.26,11.8,11.0,24.0,92.3076923076923,5.612903225806452,53.837500000000006,32.645161290322584,18.181818181818183,16.028985507246375,1.0,1.0,52.0,40.76470588235294,30.000000000000004,29.5
305,2020-11-01,25.0,17.0,27.279999999999998,30.15555555555556,14.000000000000002,28.999999999999996,66.46153846153847,6.967741935483872,50.18749999999999,29.806451612903228,17.696969696969695,15.623188405797103,1.0,1.0,48.0,38.82352941176471,29.400000000000006,28.000000000000004
306,2020-11-02,25.0,18.0,31.620000000000005,29.5,16.0,33.0,46.15384615384615,6.387096774193549,72.0875,42.58064516129033,16.0,14.000000000000002,2.0,2.0,52.0,44.64705882352941,30.000000000000004,28.499999999999996
307,2020-11-03,22.0,13.0,26.040000000000003,21.633333333333333,28.000000000000004,49.0,32.30769230769231,4.258064516129033,65.7,39.74193548387097,15.757575757575756,12.985507246376812,10.0,9.0,47.0,37.85294117647059,27.6,27.500000000000004
308,2020-11-04,18.0,8.0,21.080000000000002,13.766666666666666,100.0,100.0,30.461538461538463,1.741935483870968,56.574999999999996,24.129032258064516,15.03030303030303,7.304347826086957,100.0,100.0,41.0,23.294117647058822,27.0,22.0
309,2020-11-05,20.0,11.0,21.080000000000002,13.111111111111112,78.0,75.0,27.692307692307693,2.3225806451612905,62.050000000000004,34.7741935483871,13.818181818181818,9.942028985507246,89.0,83.0,44.0,31.058823529411768,27.0,22.5
310,2020-11-06,19.0,12.0,18.6,13.111111111111112,65.0,67.0,18.461538461538463,2.3225806451612905,58.4,33.35483870967742,13.818181818181818,11.159420289855072,68.0,62.0,44.0,33.970588235294116,28.200000000000003,24.0
311,2020-11-07,21.0,14.000000000000002,13.639999999999999,9.833333333333332,74.0,94.0,17.53846153846154,2.709677419354839,53.837500000000006,29.806451612903228,14.545454545454545,12.782608695652176,48.0,47.0,42.0,34.94117647058824,29.400000000000006,25.5
312,2020-11-08,25.0,19.0,26.040000000000003,27.53333333333333,54.0,85.0,15.692307692307693,2.3225806451612905,54.75,31.225806451612904,16.0,14.000000000000002,11.0,11.0,44.0,36.88235294117647,30.000000000000004,28.999999999999996
313,2020-11-09,100.0,100.0,31.0,30.15555555555556,28.999999999999996,48.0,15.692307692307693,3.0967741935483875,73.0,43.29032258064516,15.272727272727273,13.391304347826088,5.0,6.0,55.00000000000001,53.38235294117647,28.800000000000004,28.499999999999996
314,2020-11-10,81.0,73.0,26.66,22.944444444444446,22.0,38.0,15.692307692307693,3.483870967741936,69.35,42.58064516129033,15.515151515151516,13.391304347826088,4.0,7.000000000000001,51.0,55.3235294117647,28.800000000000004,27.500000000000004
315,2020-11-11,56.00000000000001,50.0,22.94,20.977777777777778,18.0,33.0,15.692307692307693,4.645161290322581,67.525,41.16129032258065,17.696969696969695,14.000000000000002,3.0,5.0,51.0,60.1764705882353,28.800000000000004,28.499999999999996
316,2020-11-12,45.0,45.0,23.56,19.666666666666664,17.0,28.000000000000004,16.615384615384617,8.709677419354838,71.175,46.12903225806452,16.0,13.797101449275361,3.0,4.0,55.00000000000001,63.088235294117645,28.800000000000004,28.499999999999996
317,2020-11-13,43.0,48.0,21.080000000000002,17.044444444444444,17.0,28.000000000000004,19.384615384615387,12.580645161290324,61.1375,41.87096774193548,16.0,14.405797101449275,2.0,4.0,56.00000000000001,67.94117647058823,29.400000000000006,30.5
318,2020-11-14,39.0,45.0,14.26,11.8,15.0,26.0,21.23076923076923,14.516129032258066,52.925,35.483870967741936,17.21212121212121,15.217391304347828,2.0,3.0,51.0,63.088235294117645,28.800000000000004,27.500000000000004
319,2020-11-15,37.0,35.0,24.800000000000004,27.53333333333333,14.000000000000002,25.0,21.23076923076923,15.483870967741936,52.0125,30.516129032258064,22.78787878787879,16.84057971014493,1.0,2.0,48.0,60.1764705882353,28.200000000000003,27.500000000000004
320,2020-11-16,54.0,57.99999999999999,29.76,28.844444444444445,12.0,22.0,21.23076923076923,19.35483870967742,70.2625,44.0,17.21212121212121,13.391304347826088,1.0,2.0,56.00000000000001,76.67647058823529,27.6,29.5
321,2020-11-17,49.0,60.0,26.040000000000003,23.6,11.0,21.0,21.23076923076923,16.645161290322584,70.2625,47.54838709677419,15.03030303030303,13.594202898550725,1.0,2.0,56.00000000000001,77.64705882352942,28.200000000000003,31.0
322,2020-11-18,47.0,63.0,24.18,21.633333333333333,10.0,20.0,19.384615384615387,11.612903225806452,68.4375,47.54838709677419,18.90909090909091,14.000000000000002,1.0,2.0,56.00000000000001,77.64705882352942,28.200000000000003,30.0
323,2020-11-19,47.0,56.99999999999999,24.18,19.666666666666664,10.0,19.0,18.461538461538463,10.064516129032258,70.2625,47.54838709677419,15.515151515151516,13.797101449275361,1.0,1.0,53.0,73.76470588235294,28.200000000000003,27.500000000000004
324,2020-11-20,45.0,53.0,19.840000000000003,17.044444444444444,10.0,19.0,24.000000000000004,9.096774193548388,62.9625,44.0,14.303030303030303,14.000000000000002,1.0,1.0,54.0,70.85294117647058,28.800000000000004,27.0
325,2020-11-21,40.0,43.0,14.88,13.766666666666666,10.0,18.0,21.23076923076923,6.387096774193549,57.487500000000004,34.064516129032256,15.515151515151516,15.217391304347828,1.0,1.0,49.0,61.14705882352941,28.200000000000003,27.0
326,2020-11-22,42.0,45.0,26.040000000000003,27.53333333333333,10.0,18.0,20.30769230769231,5.612903225806452,52.925,29.806451612903228,16.0,16.028985507246375,0.5,1.0,47.0,58.235294117647065,28.800000000000004,27.0
327,2020-11-23,53.0,56.00000000000001,31.0,31.466666666666665,9.0,17.0,24.000000000000004,6.967741935483872,67.525,42.58064516129033,14.787878787878789,13.391304347826088,0.5,1.0,53.0,66.0,28.200000000000003,28.499999999999996
328,2020-11-24,49.0,60.0,26.040000000000003,23.6,10.0,20.0,20.30769230769231,5.419354838709678,72.0875,43.29032258064516,14.060606060606059,13.18840579710145,0.5,1.0,51.0,63.088235294117645,28.200000000000003,28.499999999999996
329,2020-11-25,42.0,54.0,22.32,19.666666666666664,7.000000000000001,15.0,15.692307692307693,3.870967741935484,63.87500000000001,39.03225806451613,14.545454545454545,13.594202898550725,0.5,1.0,48.0,58.235294117647065,28.800000000000004,26.5
330,2020-11-26,36.0,44.0,15.5,10.488888888888889,8.0,14.000000000000002,21.23076923076923,2.903225806451613,62.9625,31.225806451612904,14.060606060606059,14.202898550724639,0.5,1.0,45.0,44.64705882352941,27.6,25.0
331,2020-11-27,36.0,42.0,17.36,14.422222222222222,8.0,16.0,12.923076923076923,2.5161290322580645,60.22500000000001,33.35483870967742,13.575757575757578,12.579710144927535,0.5,0.5,43.0,45.61764705882353,27.0,24.5
332,2020-11-28,39.0,47.0,14.26,12.455555555555556,7.000000000000001,14.000000000000002,12.000000000000002,4.645161290322581,55.6625,33.35483870967742,15.515151515151516,14.405797101449275,0.5,1.0,44.0,48.529411764705884,27.6,26.0
333,2020-11-29,41.0,49.0,26.040000000000003,27.53333333333333,7.000000000000001,13.0,11.076923076923077,4.064516129032258,52.925,31.225806451612904,15.515151515151516,14.000000000000002,0.5,0.5,43.0,49.5,27.6,25.5
334,2020-11-30,48.0,61.0,31.620000000000005,30.15555555555556,6.0,12.0,14.76923076923077,4.064516129032258,70.2625,42.58064516129033,14.303030303030303,12.782608695652176,0.5,0.5,47.0,55.3235294117647,28.800000000000004,28.000000000000004
335,2020-12-01,50.0,68.0,27.900000000000002,24.91111111111111,6.0,12.0,13.846153846153847,3.870967741935484,72.0875,46.83870967741935,13.818181818181818,12.782608695652176,0.5,0.5,47.0,55.3235294117647,29.400000000000006,31.5
336,2020-12-02,83.0,84.0,24.800000000000004,22.944444444444446,7.000000000000001,13.0,11.076923076923077,2.903225806451613,70.2625,46.12903225806452,14.060606060606059,13.391304347826088,0.5,0.5,48.0,55.3235294117647,29.400000000000006,31.5
337,2020-12-03,74.0,85.0,24.800000000000004,20.977777777777778,7.000000000000001,14.000000000000002,11.076923076923077,6.967741935483872,75.7375,48.96774193548387,15.03030303030303,14.202898550724639,0.5,0.5,50.0,60.1764705882353,28.800000000000004,30.5
338,2020-12-04,70.0,89.0,23.56,19.666666666666664,6.0,12.0,11.076923076923077,8.709677419354838,72.0875,45.41935483870968,15.272727272727273,14.202898550724639,0.5,0.5,47.0,60.1764705882353,29.400000000000006,31.0
